,ax,ay,az
0,,,
1,0.011,-0.019,-0.905
2,0.011,-0.019,-0.912
3,0.011,-0.023,-0.908
4,0.015,-0.008,-0.905
5,0.019,-0.023,-0.912
6,0.011,-0.011,-0.905
7,0.019,0.0,-0.915
8,0.026,-0.008,-0.901
9,0.023,-0.011,-0.908
10,0.011,-0.008,-0.915
11,0.015,-0.011,-0.905
12,0.019,-0.011,-0.905
13,0.015,-0.015,-0.915
14,0.023,-0.019,-0.922
15,0.015,-0.011,-0.919
16,0.03,-0.015,-0.915
17,0.015,-0.011,-0.908
18,0.019,-0.008,-0.905
19,0.015,-0.008,-0.901
20,0.015,-0.004,-0.908
21,0.015,0.0,-0.908
22,0.019,-0.004,-0.912
23,0.026,0.0,-0.919
24,0.034,-0.008,-0.915
25,0.03,-0.004,-0.898
26,0.026,0.008,-0.905
27,0.019,0.011,-0.905
28,0.019,0.004,-0.908
29,0.023,0.0,-0.912
30,0.023,0.0,-0.887
31,0.023,0.011,-0.912
32,0.034,0.008,-0.908
33,0.041,0.004,-0.936
34,0.034,0.004,-0.905
35,0.03,0.008,-0.905
36,0.026,0.015,-0.891
37,0.034,0.03,-0.898
38,0.03,0.023,-0.908
39,0.03,0.023,-0.908
40,0.034,0.015,-0.905
41,0.03,0.015,-0.915
42,0.034,0.019,-0.926
43,0.03,0.019,-0.912
44,0.03,0.03,-0.891
45,0.03,0.041,-0.898
46,0.026,0.038,-0.898
47,0.038,0.026,-0.919
48,0.034,0.026,-0.908
49,0.03,0.045,-0.908
50,0.034,0.034,-0.901
51,0.038,0.038,-0.898
52,0.026,0.041,-0.901
53,0.034,0.049,-0.901
54,0.026,0.03,-0.898
55,0.034,0.045,-0.901
56,0.034,0.041,-0.905
57,0.03,0.053,-0.929
58,0.034,0.041,-0.901
59,0.034,0.053,-0.912
60,0.03,0.053,-0.908
61,0.041,0.053,-0.894
62,0.03,0.064,-0.901
63,0.023,0.056,-0.926
64,0.041,0.049,-0.908
65,0.034,0.053,-0.901
66,0.03,0.056,-0.887
67,0.034,0.064,-0.898
68,0.034,0.064,-0.905
69,0.034,0.071,-0.898
70,0.038,0.06,-0.905
71,0.038,0.06,-0.894
72,0.03,0.06,-0.894
73,0.034,0.075,-0.912
74,0.03,0.053,-0.908
75,0.026,0.056,-0.898
76,0.038,0.06,-0.898
77,0.026,0.06,-0.901
78,0.034,0.064,-0.905
79,0.041,0.068,-0.905
80,0.041,0.064,-0.905
81,0.03,0.064,-0.901
82,0.03,0.056,-0.912
83,0.038,0.053,-0.905
84,0.034,0.056,-0.891
85,0.038,0.064,-0.905
86,0.038,0.064,-0.908
87,0.041,0.053,-0.908
88,0.034,0.056,-0.905
89,0.045,0.056,-0.898
90,0.034,0.06,-0.905
91,0.03,0.056,-0.933
92,0.038,0.045,-0.898
93,0.049,0.056,-0.891
94,0.03,0.064,-0.912
95,0.03,0.053,-0.912
96,0.034,0.034,-0.901
97,0.034,0.053,-0.891
98,0.03,0.068,-0.901
99,0.03,0.056,-0.915
100,0.034,0.034,-0.908
101,0.034,0.049,-0.891
102,0.03,0.064,-0.901
103,0.03,0.041,-0.898
104,0.026,0.03,-0.915
105,0.026,0.023,-0.915
106,0.026,0.03,-0.908
107,0.023,0.038,-0.891
108,0.023,0.041,-0.901
109,0.026,0.03,-0.912
110,0.019,0.023,-0.901
111,0.023,0.019,-0.905
112,0.023,0.019,-0.898
113,0.023,0.015,-0.912
114,0.023,0.011,-0.912
115,0.015,0.015,-0.919
116,0.019,0.015,-0.905
117,0.015,0.008,-0.905
118,0.023,0.019,-0.894
119,0.015,0.008,-0.905
120,0.011,0.008,-0.908
121,0.011,0.008,-0.919
122,0.011,0.0,-0.908
123,0.019,0.004,-0.908
124,0.011,0.004,-0.922
125,0.011,-0.004,-0.905
126,0.019,0.0,-0.915
127,0.015,0.0,-0.901
128,0.008,0.004,-0.912
129,0.015,-0.008,-0.915
130,0.011,-0.004,-0.912
131,0.004,0.0,-0.905
132,0.008,-0.004,-0.908
133,0.004,0.0,-0.898
134,0.015,0.0,-0.912
135,0.008,-0.004,-0.915
136,0.011,-0.008,-0.908
137,0.011,-0.008,-0.919
138,0.008,-0.015,-0.915
139,0.015,-0.004,-0.915
140,0.008,-0.008,-0.905
141,0.023,0.0,-0.915
142,0.004,-0.008,-0.905
143,0.015,-0.011,-0.905
144,0.015,-0.008,-0.912
145,0.011,-0.008,-0.912
146,0.008,-0.011,-0.905
147,0.019,-0.004,-0.905
148,0.008,-0.011,-0.901
149,0.008,0.0,-0.908
150,0.011,0.0,-0.898
151,0.011,-0.008,-0.908
152,0.011,-0.015,-0.908
153,0.008,-0.008,-0.908
154,0.015,-0.019,-0.908
155,0.015,-0.015,-0.912
156,0.011,-0.019,-0.915
157,0.015,-0.023,-0.912
158,0.015,-0.011,-0.915
159,0.019,-0.011,-0.915
160,0.004,-0.023,-0.915
161,0.011,-0.019,-0.908
162,0.008,-0.026,-0.901
163,0.019,-0.015,-0.915
164,0.015,-0.019,-0.905
165,0.023,0.0,-0.912
166,0.015,-0.019,-0.926
167,0.011,-0.019,-0.908
168,0.008,-0.015,-0.905
169,0.011,-0.023,-0.912
170,0.008,-0.015,-0.912
171,0.008,-0.019,-0.908
172,0.011,-0.015,-0.912
173,0.015,-0.015,-0.908
174,0.015,-0.019,-0.905
175,0.008,-0.015,-0.912
176,0.011,-0.019,-0.908
177,0.008,-0.019,-0.912
178,0.011,-0.015,-0.898
179,0.011,-0.019,-0.912
180,0.023,-0.015,-0.908
181,0.015,-0.023,-0.908
182,0.023,-0.019,-0.905
183,0.019,-0.011,-0.905
184,0.008,-0.019,-0.901
185,0.008,-0.019,-0.912
186,0.004,-0.019,-0.908
187,0.011,-0.015,-0.912
188,0.023,-0.015,-0.915
189,0.019,-0.023,-0.915
190,0.011,-0.015,-0.901
191,0.015,-0.023,-0.915
192,0.008,-0.015,-0.912
193,0.011,-0.015,-0.915
194,0.004,-0.023,-0.915
195,0.015,-0.023,-0.915
196,0.011,-0.015,-0.912
197,0.015,-0.023,-0.908
198,0.008,-0.023,-0.919
199,0.015,-0.023,-0.912
200,0.008,-0.015,-0.898
201,0.015,-0.019,-0.905
202,0.011,-0.015,-0.915
203,0.015,-0.038,-0.905
204,0.008,-0.023,-0.912
205,0.008,-0.015,-0.912
206,0.008,-0.015,-0.912
207,0.011,-0.026,-0.905
208,0.019,-0.004,-0.926
209,0.015,-0.015,-0.908
210,0.015,-0.011,-0.905
211,0.015,-0.011,-0.908
212,0.019,-0.019,-0.908
213,0.011,-0.015,-0.912
214,0.008,-0.011,-0.908
215,0.015,-0.004,-0.915
216,0.019,-0.019,-0.905
217,0.026,-0.015,-0.908
218,0.026,-0.011,-0.915
219,0.015,-0.011,-0.915
220,0.015,-0.023,-0.912
221,0.019,-0.019,-0.905
222,0.015,-0.015,-0.901
223,0.015,-0.019,-0.908
224,0.011,-0.019,-0.901
225,0.015,-0.011,-0.898
226,0.03,-0.015,-0.912
227,0.026,-0.008,-0.912
228,0.019,-0.011,-0.908
229,0.015,-0.008,-0.905
230,0.015,-0.008,-0.901
231,0.015,-0.019,-0.915
232,0.011,-0.015,-0.894
233,0.019,-0.015,-0.891
234,0.023,-0.004,-0.912
235,0.015,-0.004,-0.905
236,0.03,-0.008,-0.919
237,0.026,-0.019,-0.912
238,0.015,-0.004,-0.908
239,0.015,-0.004,-0.915
240,0.019,0.0,-0.905
241,0.023,0.004,-0.915
242,0.023,0.008,-0.908
243,0.023,0.0,-0.912
244,0.026,0.0,-0.898
245,0.026,0.015,-0.905
246,0.019,0.011,-0.919
247,0.019,0.004,-0.908
248,0.026,0.011,-0.877
249,0.019,0.008,-0.912
250,0.034,0.015,-0.915
251,0.023,0.011,-0.922
252,0.019,0.004,-0.915
253,0.019,0.015,-0.905
254,0.026,0.015,-0.905
255,0.026,0.011,-0.901
256,0.034,0.023,-0.894
257,0.026,0.015,-0.908
258,0.026,0.015,-0.898
259,0.03,0.023,-0.912
260,0.03,0.015,-0.901
261,0.034,0.026,-0.887
262,0.026,0.026,-0.908
263,0.03,0.026,-0.915
264,0.026,0.026,-0.908
265,0.03,0.026,-0.905
266,0.034,0.019,-0.905
267,0.034,0.038,-0.905
268,0.026,0.038,-0.901
269,0.041,0.034,-0.922
270,0.038,0.03,-0.901
271,0.023,0.038,-0.898
272,0.026,0.049,-0.905
273,0.034,0.045,-0.908
274,0.034,0.045,-0.901
275,0.026,0.03,-0.894
276,0.03,0.049,-0.894
277,0.034,0.045,-0.905
278,0.041,0.038,-0.905
279,0.034,0.041,-0.905
280,0.041,0.056,-0.908
281,0.034,0.045,-0.901
282,0.026,0.056,-0.905
283,0.038,0.053,-0.912
284,0.03,0.06,-0.905
285,0.041,0.056,-0.898
286,0.038,0.068,-0.905
287,0.034,0.068,-0.905
288,0.03,0.056,-0.912
289,0.038,0.049,-0.901
290,0.038,0.06,-0.905
291,0.038,0.064,-0.891
292,0.03,0.064,-0.898
293,0.034,0.06,-0.908
294,0.03,0.053,-0.901
295,0.041,0.049,-0.894
296,0.03,0.071,-0.905
297,0.034,0.064,-0.898
298,0.034,0.071,-0.901
299,0.03,0.064,-0.922
300,0.038,0.068,-0.891
301,0.041,0.064,-0.905
302,0.03,0.068,-0.905
303,0.034,0.071,-0.898
304,0.026,0.071,-0.898
305,0.034,0.079,-0.905
306,0.03,0.071,-0.901
307,0.034,0.06,-0.905
308,0.034,0.068,-0.901
309,0.034,0.071,-0.901
310,0.03,0.06,-0.901
311,0.03,0.071,-0.905
312,0.019,0.071,-0.891
313,0.03,0.053,-0.908
314,0.03,0.06,-0.905
315,0.034,0.068,-0.905
316,0.034,0.068,-0.898
317,0.03,0.068,-0.901
318,0.03,0.064,-0.908
319,0.038,0.06,-0.898
320,0.03,0.064,-0.898
321,0.034,0.064,-0.901
322,0.038,0.056,-0.901
323,0.034,0.06,-0.901
324,0.03,0.071,-0.905
325,0.034,0.064,-0.905
326,0.03,0.056,-0.894
327,0.038,0.049,-0.901
328,0.03,0.064,-0.912
329,0.034,0.06,-0.901
330,0.026,0.056,-0.901
331,0.026,0.045,-0.898
332,0.041,0.053,-0.908
333,0.026,0.041,-0.901
334,0.019,0.053,-0.908
335,0.023,0.045,-0.901
336,0.026,0.038,-0.908
337,0.023,0.049,-0.901
338,0.03,0.041,-0.901
339,0.026,0.03,-0.912
340,0.026,0.03,-0.905
341,0.019,0.038,-0.905
342,0.023,0.019,-0.898
343,0.015,0.03,-0.908
344,0.011,0.041,-0.905
345,0.011,0.03,-0.905
346,0.011,0.026,-0.891
347,0.023,0.03,-0.905
348,0.011,0.023,-0.894
349,0.011,0.019,-0.905
350,0.015,0.023,-0.898
351,0.011,0.015,-0.905
352,0.015,0.015,-0.905
353,0.015,0.008,-0.912
354,0.011,0.015,-0.905
355,0.011,0.008,-0.905
356,0.011,0.011,-0.912
357,0.015,0.015,-0.908
358,0.015,0.004,-0.912
359,0.011,0.004,-0.905
360,0.015,0.004,-0.898
361,0.023,0.008,-0.919
362,0.004,0.0,-0.912
363,0.011,-0.004,-0.912
364,0.004,0.0,-0.919
365,0.015,-0.004,-0.905
366,0.019,0.004,-0.908
367,0.011,-0.004,-0.905
368,0.008,-0.004,-0.905
369,0.008,-0.008,-0.901
370,0.011,-0.008,-0.908
371,0.008,-0.008,-0.908
372,0.011,0.0,-0.905
373,0.011,0.0,-0.912
374,0.015,-0.011,-0.912
375,0.015,0.0,-0.912
376,0.015,-0.008,-0.905
377,0.015,-0.011,-0.919
378,0.011,-0.008,-0.915
379,0.011,-0.019,-0.912
380,0.008,-0.011,-0.912
381,0.008,-0.008,-0.901
382,0.011,-0.011,-0.912
383,0.015,-0.015,-0.915
384,0.023,-0.015,-0.908
385,0.011,-0.019,-0.922
386,0.019,-0.019,-0.905
387,0.011,-0.023,-0.912
388,0.008,-0.023,-0.915
389,0.004,-0.023,-0.912
390,0.011,-0.026,-0.919
391,0.015,-0.023,-0.908
392,0.019,-0.019,-0.912
393,0.015,-0.023,-0.905
394,0.015,-0.026,-0.912
395,0.015,-0.019,-0.912
396,0.011,-0.03,-0.912
397,0.019,-0.023,-0.901
398,0.008,-0.034,-0.915
399,0.011,-0.026,-0.901
400,0.019,-0.03,-0.905
401,0.015,-0.03,-0.915
402,0.019,-0.026,-0.908
403,0.019,-0.026,-0.915
404,0.015,-0.03,-0.905
405,0.015,-0.023,-0.922
406,0.011,-0.03,-0.908
407,0.008,-0.023,-0.908
408,0.015,-0.023,-0.912
409,0.011,-0.026,-0.919
410,0.011,-0.023,-0.908
411,0.019,-0.03,-0.912
412,0.015,-0.034,-0.912
413,0.023,-0.03,-0.915
414,0.015,-0.026,-0.912
415,0.011,-0.03,-0.908
416,0.015,-0.03,-0.915
417,0.015,-0.034,-0.898
418,0.015,-0.023,-0.905
419,0.026,-0.03,-0.915
420,0.023,-0.034,-0.905
421,0.023,-0.026,-0.922
422,0.019,-0.03,-0.915
423,0.011,-0.03,-0.908
424,0.015,-0.034,-0.912
425,0.011,-0.03,-0.908
426,0.015,-0.026,-0.908
427,0.019,-0.026,-0.915
428,0.015,-0.038,-0.912
429,0.019,-0.03,-0.919
430,0.019,-0.03,-0.912
431,0.019,-0.034,-0.908
432,0.015,-0.026,-0.912
433,0.015,-0.034,-0.912
434,0.015,-0.03,-0.915
435,0.015,-0.038,-0.905
436,0.015,-0.034,-0.905
437,0.015,-0.034,-0.908
438,0.019,-0.03,-0.912
439,0.011,-0.041,-0.901
440,0.019,-0.034,-0.912
441,0.023,-0.041,-0.898
442,0.019,-0.03,-0.905
443,0.026,-0.03,-0.915
444,0.019,-0.03,-0.915
445,0.019,-0.03,-0.922
446,0.019,-0.03,-0.915
447,0.015,-0.03,-0.908
448,0.019,-0.034,-0.905
449,0.019,-0.026,-0.919
450,0.019,-0.038,-0.908
451,0.019,-0.038,-0.915
452,0.019,-0.041,-0.905
453,0.011,-0.03,-0.912
454,0.023,-0.034,-0.915
455,0.019,-0.034,-0.912
456,0.019,-0.034,-0.912
457,0.023,-0.038,-0.908
458,0.019,-0.038,-0.912
459,0.015,-0.038,-0.905
460,0.011,-0.041,-0.908
461,0.019,-0.038,-0.915
462,0.023,-0.026,-0.915
463,0.019,-0.038,-0.922
464,0.023,-0.034,-0.912
465,0.023,-0.038,-0.912
466,0.023,-0.038,-0.915
467,0.026,-0.034,-0.926
468,0.023,-0.026,-0.908
469,0.015,-0.026,-0.908
470,0.019,-0.038,-0.908
471,0.026,-0.041,-0.915
472,0.015,-0.03,-0.915
473,0.026,-0.026,-0.912
474,0.023,-0.026,-0.908
475,0.019,-0.023,-0.912
476,0.019,-0.019,-0.912
477,0.023,-0.026,-0.915
478,0.023,-0.026,-0.908
479,0.019,-0.015,-0.919
480,0.015,-0.019,-0.898
481,0.019,-0.008,-0.901
482,0.023,-0.019,-0.905
483,0.023,-0.015,-0.905
484,0.023,-0.004,-0.905
485,0.023,-0.015,-0.915
486,0.019,-0.008,-0.912
487,0.023,-0.008,-0.905
488,0.03,0.008,-0.905
489,0.015,-0.008,-0.901
490,0.023,0.0,-0.908
491,0.023,0.0,-0.912
492,0.019,0.004,-0.915
493,0.019,0.004,-0.905
494,0.026,0.008,-0.912
495,0.019,0.0,-0.901
496,0.026,0.0,-0.905
497,0.026,0.0,-0.912
498,0.026,0.004,-0.908
499,0.023,0.004,-0.905
500,0.026,0.008,-0.915
501,0.034,0.008,-0.905
502,0.026,0.015,-0.898
503,0.026,0.011,-0.901
504,0.026,0.015,-0.912
505,0.026,0.019,-0.912
506,0.03,0.011,-0.919
507,0.03,0.015,-0.905
508,0.034,0.023,-0.891
509,0.023,0.038,-0.922
510,0.03,0.023,-0.901
511,0.026,0.015,-0.905
512,0.023,0.011,-0.905
513,0.019,0.03,-0.898
514,0.026,0.038,-0.901
515,0.034,0.034,-0.908
516,0.03,0.026,-0.908
517,0.026,0.026,-0.901
518,0.026,0.034,-0.908
519,0.026,0.034,-0.912
520,0.026,0.026,-0.908
521,0.026,0.034,-0.894
522,0.03,0.045,-0.905
523,0.03,0.038,-0.901
524,0.034,0.038,-0.919
525,0.034,0.03,-0.905
526,0.03,0.038,-0.908
527,0.034,0.03,-0.908
528,0.041,0.041,-0.908
529,0.034,0.049,-0.901
530,0.03,0.041,-0.905
531,0.03,0.041,-0.901
532,0.038,0.034,-0.905
533,0.03,0.045,-0.901
534,0.038,0.053,-0.901
535,0.034,0.053,-0.905
536,0.026,0.041,-0.905
537,0.034,0.038,-0.905
538,0.026,0.045,-0.898
539,0.034,0.053,-0.905
540,0.041,0.045,-0.894
541,0.041,0.045,-0.891
542,0.034,0.064,-0.898
543,0.034,0.06,-0.908
544,0.045,0.045,-0.908
545,0.03,0.038,-0.887
546,0.026,0.064,-0.905
547,0.041,0.079,-0.915
548,0.041,0.056,-0.905
549,0.034,0.049,-0.905
550,0.038,0.064,-0.908
551,0.038,0.053,-0.898
552,0.034,0.06,-0.894
553,0.03,0.06,-0.908
554,0.034,0.056,-0.905
555,0.038,0.06,-0.898
556,0.03,0.064,-0.898
557,0.041,0.06,-0.908
558,0.038,0.053,-0.912
559,0.034,0.06,-0.894
560,0.034,0.06,-0.901
561,0.03,0.056,-0.898
562,0.038,0.041,-0.912
563,0.038,0.049,-0.894
564,0.03,0.053,-0.901
565,0.034,0.049,-0.901
566,0.034,0.045,-0.912
567,0.034,0.041,-0.894
568,0.034,0.053,-0.901
569,0.026,0.049,-0.901
570,0.023,0.041,-0.901
571,0.023,0.041,-0.898
572,0.023,0.038,-0.891
573,0.03,0.041,-0.901
574,0.023,0.038,-0.912
575,0.023,0.023,-0.915
576,0.034,0.023,-0.912
577,0.023,0.015,-0.905
578,0.015,0.023,-0.905
579,0.015,0.03,-0.905
580,0.015,0.023,-0.908
581,0.019,0.019,-0.912
582,0.019,0.015,-0.905
583,0.019,0.015,-0.901
584,0.019,0.011,-0.901
585,0.019,0.019,-0.901
586,0.011,0.015,-0.905
587,0.011,0.008,-0.912
588,0.011,0.011,-0.898
589,0.011,0.004,-0.905
590,0.015,0.015,-0.905
591,0.023,0.004,-0.908
592,0.011,0.0,-0.908
593,0.011,0.011,-0.919
594,0.011,0.008,-0.905
595,0.015,0.0,-0.912
596,0.015,-0.004,-0.905
597,0.015,-0.004,-0.908
598,0.019,0.0,-0.912
599,0.026,0.004,-0.912
600,0.011,0.0,-0.912
601,0.011,-0.004,-0.908
602,0.011,-0.008,-0.912
603,0.008,-0.011,-0.908
604,0.011,-0.011,-0.905
605,0.011,-0.011,-0.908
606,0.015,-0.015,-0.915
607,0.011,-0.008,-0.912
608,0.011,-0.026,-0.908
609,0.015,-0.011,-0.901
610,0.023,-0.015,-0.908
611,0.011,-0.015,-0.912
612,0.015,-0.023,-0.905
613,0.015,-0.011,-0.901
614,0.011,-0.015,-0.912
615,0.008,-0.011,-0.919
616,0.008,-0.011,-0.912
617,0.015,-0.015,-0.912
618,0.015,-0.015,-0.908
619,0.015,-0.015,-0.912
620,0.011,-0.023,-0.912
621,0.011,-0.026,-0.915
622,0.011,-0.023,-0.908
623,0.008,-0.019,-0.912
624,0.019,-0.023,-0.901
625,0.011,-0.023,-0.912
626,0.019,-0.023,-0.908
627,0.015,-0.023,-0.915
628,0.015,-0.023,-0.912
629,0.019,-0.038,-0.915
630,0.004,-0.023,-0.908
631,0.011,-0.034,-0.905
632,0.015,-0.03,-0.905
633,0.008,-0.026,-0.905
634,0.019,-0.026,-0.908
635,0.011,-0.026,-0.908
636,0.011,-0.023,-0.912
637,0.019,-0.03,-0.908
638,0.023,-0.034,-0.912
639,0.011,-0.03,-0.912
640,0.011,-0.03,-0.905
641,0.011,-0.03,-0.915
642,0.019,-0.03,-0.912
643,0.023,-0.03,-0.898
644,0.015,-0.03,-0.908
645,0.015,-0.038,-0.905
646,0.019,-0.026,-0.915
647,0.015,-0.038,-0.908
648,0.015,-0.034,-0.894
649,0.015,-0.03,-0.908
650,0.011,-0.03,-0.912
651,0.008,-0.034,-0.908
652,0.015,-0.026,-0.912
653,0.011,-0.023,-0.915
654,0.011,-0.03,-0.908
655,0.023,-0.034,-0.905
656,0.019,-0.049,-0.912
657,0.019,-0.03,-0.912
658,0.011,-0.026,-0.905
659,0.015,-0.034,-0.908
660,0.015,-0.034,-0.912
661,0.011,-0.038,-0.919
662,0.011,-0.034,-0.915
663,0.015,-0.03,-0.912
664,0.015,-0.034,-0.919
665,0.019,-0.041,-0.912
666,0.015,-0.03,-0.915
667,0.008,-0.038,-0.908
668,0.015,-0.038,-0.912
669,0.011,-0.034,-0.905
670,0.019,-0.038,-0.912
671,0.023,-0.038,-0.901
672,0.023,-0.034,-0.915
673,0.015,-0.03,-0.905
674,0.026,-0.034,-0.905
675,0.015,-0.034,-0.908
676,0.015,-0.038,-0.908
677,0.019,-0.03,-0.905
678,0.015,-0.038,-0.919
679,0.015,-0.03,-0.908
680,0.011,-0.041,-0.915
681,0.019,-0.034,-0.912
682,0.015,-0.034,-0.908
683,0.015,-0.034,-0.915
684,0.023,-0.03,-0.912
685,0.015,-0.038,-0.912
686,0.011,-0.034,-0.915
687,0.023,-0.049,-0.901
688,0.008,-0.038,-0.908
689,0.011,-0.034,-0.915
690,0.015,-0.03,-0.908
691,0.011,-0.034,-0.912
692,0.015,-0.034,-0.912
693,0.023,-0.038,-0.912
694,0.019,-0.034,-0.915
695,0.011,-0.034,-0.915
696,0.015,-0.038,-0.901
697,0.008,-0.03,-0.912
698,0.019,-0.034,-0.901
699,0.019,-0.034,-0.912
700,0.023,-0.038,-0.912
701,0.019,-0.03,-0.915
702,0.011,-0.041,-0.919
703,0.019,-0.038,-0.915
704,0.008,-0.034,-0.915
705,0.004,-0.034,-0.905
706,0.008,-0.034,-0.912
707,0.019,-0.038,-0.908
708,0.019,-0.034,-0.901
709,0.019,-0.038,-0.912
710,0.023,-0.038,-0.908
711,0.019,-0.023,-0.915
712,0.019,-0.034,-0.915
713,0.019,-0.038,-0.915
714,0.015,-0.03,-0.905
715,0.015,-0.03,-0.915
716,0.023,-0.041,-0.905
717,0.023,-0.034,-0.912
718,0.026,-0.03,-0.915
719,0.015,-0.034,-0.912
720,0.015,-0.034,-0.912
721,0.019,-0.034,-0.915
722,0.023,-0.034,-0.905
723,0.019,-0.026,-0.905
724,0.019,-0.019,-0.908
725,0.023,-0.019,-0.922
726,0.011,-0.034,-0.905
727,0.011,-0.019,-0.901
728,0.015,-0.011,-0.905
729,0.015,-0.008,-0.905
730,0.023,-0.008,-0.912
731,0.026,-0.015,-0.933
732,0.026,-0.026,-0.915
733,0.019,-0.019,-0.887
734,0.023,0.0,-0.891
735,0.015,0.011,-0.898
736,0.019,0.008,-0.915
737,0.019,0.008,-0.898
738,0.015,0.004,-0.905
739,0.015,-0.004,-0.912
740,0.023,0.004,-0.912
741,0.019,0.0,-0.912
742,0.019,0.011,-0.905
743,0.019,0.011,-0.908
744,0.019,0.008,-0.908
745,0.038,0.008,-0.901
746,0.023,0.008,-0.905
747,0.023,0.011,-0.908
748,0.03,0.015,-0.905
749,0.034,0.019,-0.898
750,0.023,0.019,-0.891
751,0.034,0.019,-0.922
752,0.023,0.023,-0.908
753,0.026,0.015,-0.901
754,0.026,0.034,-0.901
755,0.023,0.026,-0.908
756,0.026,0.026,-0.905
757,0.038,0.023,-0.912
758,0.026,0.026,-0.901
759,0.034,0.023,-0.901
760,0.038,0.019,-0.898
761,0.023,0.034,-0.905
762,0.026,0.023,-0.912
763,0.041,0.023,-0.929
764,0.03,0.015,-0.894
765,0.03,0.038,-0.891
766,0.026,0.045,-0.898
767,0.026,0.053,-0.901
768,0.03,0.034,-0.901
769,0.026,0.041,-0.905
770,0.038,0.041,-0.894
771,0.034,0.034,-0.908
772,0.026,0.041,-0.908
773,0.019,0.045,-0.905
774,0.03,0.038,-0.905
775,0.03,0.038,-0.908
776,0.038,0.049,-0.898
777,0.038,0.049,-0.908
778,0.03,0.041,-0.901
779,0.023,0.03,-0.905
780,0.034,0.041,-0.901
781,0.034,0.045,-0.901
782,0.038,0.045,-0.905
783,0.034,0.045,-0.908
784,0.034,0.049,-0.898
785,0.03,0.045,-0.908
786,0.026,0.053,-0.894
787,0.03,0.041,-0.912
788,0.041,0.038,-0.901
789,0.03,0.045,-0.898
790,0.03,0.038,-0.905
791,0.034,0.041,-0.901
792,0.034,0.045,-0.912
793,0.034,0.034,-0.901
794,0.038,0.038,-0.929
795,0.034,0.038,-0.901
796,0.034,0.045,-0.894
797,0.03,0.056,-0.926
798,0.03,0.041,-0.908
799,0.038,0.041,-0.905
800,0.03,0.03,-0.908
801,0.023,0.045,-0.891
802,0.03,0.053,-0.908
803,0.03,0.045,-0.901
804,0.03,0.041,-0.901
805,0.034,0.041,-0.901
806,0.03,0.038,-0.884
807,0.026,0.038,-0.894
808,0.03,0.041,-0.901
809,0.023,0.034,-0.905
810,0.019,0.038,-0.912
811,0.026,0.026,-0.912
812,0.023,0.026,-0.908
813,0.015,0.023,-0.898
814,0.023,0.026,-0.901
815,0.026,0.026,-0.912
816,0.019,0.019,-0.912
817,0.019,0.019,-0.908
818,0.015,0.015,-0.912
819,0.019,0.011,-0.908
820,0.019,0.011,-0.908
821,0.023,0.011,-0.908
822,0.015,0.011,-0.905
823,0.019,0.011,-0.898
824,0.015,0.008,-0.901
825,0.015,0.008,-0.905
826,0.023,0.0,-0.898
827,0.019,0.004,-0.905
828,0.008,0.0,-0.905
829,0.015,0.008,-0.915
830,0.015,-0.004,-0.905
831,0.011,-0.004,-0.908
832,0.015,-0.004,-0.901
833,0.023,0.0,-0.905
834,0.019,-0.004,-0.908
835,0.015,-0.011,-0.919
836,0.023,-0.011,-0.912
837,0.019,-0.008,-0.905
838,0.015,-0.004,-0.912
839,0.015,-0.011,-0.915
840,0.015,-0.011,-0.912
841,0.019,-0.011,-0.912
842,0.019,-0.015,-0.908
843,0.019,-0.019,-0.908
844,0.023,-0.008,-0.912
845,0.015,-0.015,-0.901
846,0.019,-0.015,-0.919
847,0.019,-0.015,-0.915
848,0.019,-0.015,-0.908
849,0.011,-0.015,-0.908
850,0.019,-0.015,-0.919
851,0.019,-0.019,-0.908
852,0.019,-0.019,-0.905
853,0.015,-0.023,-0.919
854,0.015,-0.019,-0.912
855,0.019,-0.026,-0.912
856,0.011,-0.023,-0.908
857,0.023,-0.023,-0.915
858,0.019,-0.026,-0.905
859,0.023,-0.023,-0.919
860,0.015,-0.023,-0.908
861,0.019,-0.023,-0.908
862,0.015,-0.026,-0.908
863,0.015,-0.015,-0.908
864,0.019,-0.023,-0.915
865,0.015,-0.019,-0.908
866,0.015,-0.026,-0.915
867,0.023,-0.023,-0.908
868,0.015,-0.026,-0.905
869,0.023,-0.023,-0.908
870,0.023,-0.019,-0.908
871,0.019,-0.03,-0.901
872,0.023,-0.026,-0.915
873,0.019,-0.034,-0.898
874,0.011,-0.026,-0.908
875,0.015,-0.026,-0.922
876,0.019,-0.008,-0.912
877,0.023,-0.011,-0.912
878,0.023,-0.019,-0.912
879,0.023,-0.015,-0.908
880,0.023,-0.019,-0.915
881,0.015,-0.019,-0.915
882,0.023,-0.026,-0.919
883,0.019,-0.026,-0.901
884,0.019,-0.026,-0.912
885,0.019,-0.019,-0.919
886,0.023,-0.023,-0.915
887,0.023,-0.019,-0.915
888,0.019,-0.026,-0.912
889,0.019,-0.03,-0.901
890,0.019,-0.026,-0.908
891,0.03,-0.03,-0.919
892,0.011,-0.041,-0.912
893,0.023,-0.026,-0.912
894,0.023,-0.026,-0.905
895,0.026,-0.034,-0.912
896,0.026,-0.026,-0.905
897,0.038,-0.026,-0.919
898,0.019,-0.026,-0.905
899,0.019,-0.034,-0.908
900,0.023,-0.038,-0.915
901,0.019,-0.034,-0.915
902,0.023,-0.03,-0.908
903,0.026,-0.038,-0.908
904,0.026,-0.03,-0.912
905,0.023,-0.038,-0.905
906,0.023,-0.034,-0.912
907,0.019,-0.034,-0.905
908,0.023,-0.03,-0.901
909,0.019,-0.034,-0.915
910,0.03,-0.019,-0.912
911,0.019,-0.026,-0.915
912,0.019,-0.023,-0.905
913,0.019,-0.023,-0.912
914,0.026,-0.03,-0.915
915,0.023,-0.03,-0.905
916,0.023,-0.03,-0.908
917,0.026,-0.03,-0.915
918,0.019,-0.034,-0.908
919,0.023,-0.023,-0.912
920,0.015,-0.026,-0.915
921,0.026,-0.03,-0.908
922,0.019,-0.026,-0.908
923,0.034,-0.034,-0.912
924,0.03,-0.023,-0.908
925,0.023,-0.026,-0.908
926,0.019,-0.03,-0.908
927,0.019,-0.038,-0.905
928,0.015,-0.03,-0.905
929,0.019,-0.034,-0.912
930,0.023,-0.034,-0.908
931,0.023,-0.034,-0.915
932,0.026,-0.034,-0.912
933,0.026,-0.038,-0.908
934,0.026,-0.038,-0.908
935,0.023,-0.034,-0.901
936,0.026,-0.03,-0.922
937,0.015,-0.034,-0.905
938,0.026,-0.034,-0.905
939,0.023,-0.034,-0.905
940,0.026,-0.034,-0.912
941,0.023,-0.03,-0.919
942,0.026,-0.034,-0.894
943,0.026,-0.034,-0.912
944,0.026,-0.041,-0.894
945,0.026,-0.038,-0.919
946,0.026,-0.034,-0.905
947,0.023,-0.026,-0.912
948,0.019,-0.023,-0.915
949,0.015,-0.026,-0.912
950,0.023,-0.034,-0.915
951,0.034,-0.03,-0.912
952,0.023,-0.03,-0.912
953,0.034,-0.026,-0.908
954,0.026,-0.023,-0.912
955,0.023,-0.023,-0.915
956,0.03,-0.015,-0.915
957,0.023,-0.026,-0.901
958,0.03,-0.019,-0.908
959,0.019,-0.015,-0.901
960,0.03,-0.023,-0.915
961,0.026,-0.015,-0.919
962,0.026,-0.015,-0.901
963,0.023,-0.015,-0.901
964,0.019,-0.015,-0.912
965,0.026,-0.019,-0.912
966,0.023,-0.015,-0.905
967,0.03,-0.015,-0.912
968,0.034,-0.015,-0.908
969,0.034,-0.008,-0.908
970,0.03,-0.008,-0.912
971,0.023,-0.011,-0.912
972,0.026,-0.004,-0.905
973,0.03,-0.011,-0.908
974,0.026,-0.008,-0.898
975,0.026,-0.004,-0.919
976,0.03,-0.008,-0.898
977,0.026,-0.004,-0.901
978,0.023,0.004,-0.912
979,0.026,0.0,-0.912
980,0.034,-0.008,-0.912
981,0.019,-0.004,-0.901
982,0.019,0.004,-0.901
983,0.019,0.011,-0.905
984,0.03,0.004,-0.905
985,0.023,0.0,-0.908
986,0.038,0.0,-0.901
987,0.03,0.004,-0.908
988,0.034,0.004,-0.908
989,0.026,0.004,-0.912
990,0.026,0.008,-0.912
991,0.026,0.011,-0.905
992,0.019,0.008,-0.908
993,0.03,0.023,-0.891
994,0.03,0.019,-0.919
995,0.034,0.008,-0.908
996,0.026,0.008,-0.901
997,0.03,0.004,-0.905
998,0.03,0.011,-0.905
999,0.03,0.008,-0.901
1000,0.03,0.015,-0.912
1001,0.03,0.008,-0.915
1002,0.03,0.015,-0.905
1003,0.03,0.019,-0.901
1004,0.03,0.015,-0.898
1005,0.045,0.015,-0.901
1006,0.03,0.015,-0.901
1007,0.026,0.019,-0.908
1008,0.026,0.019,-0.894
1009,0.034,0.011,-0.915
1010,0.034,0.015,-0.901
1011,0.045,0.026,-0.905
1012,0.03,0.03,-0.912
1013,0.034,0.019,-0.905
1014,0.056,0.023,-0.915
1015,0.026,0.015,-0.901
1016,0.023,0.023,-0.901
1017,0.019,0.03,-0.905
1018,0.03,0.019,-0.908
1019,0.034,0.019,-0.915
1020,0.038,0.026,-0.905
1021,0.03,0.023,-0.901
1022,0.038,0.019,-0.905
1023,0.03,0.023,-0.905
1024,0.023,0.023,-0.905
1025,0.03,0.026,-0.905
1026,0.038,0.026,-0.894
1027,0.015,0.023,-0.898
1028,0.03,0.019,-0.912
1029,0.026,0.019,-0.912
1030,0.026,0.015,-0.905
1031,0.023,0.015,-0.901
1032,0.026,0.019,-0.912
1033,0.026,0.008,-0.908
1034,0.015,0.011,-0.887
1035,0.023,0.008,-0.905
1036,0.023,0.011,-0.908
1037,0.015,0.004,-0.905
1038,0.03,0.004,-0.901
1039,0.026,0.0,-0.905
1040,0.019,0.004,-0.912
1041,0.011,0.008,-0.898
1042,0.019,0.0,-0.905
1043,0.015,-0.004,-0.915
1044,0.019,-0.004,-0.908
1045,0.03,-0.004,-0.912
1046,0.015,-0.011,-0.905
1047,0.026,0.004,-0.905
1048,0.019,-0.011,-0.912
1049,0.023,-0.011,-0.901
1050,0.019,-0.011,-0.912
1051,0.019,-0.008,-0.905
1052,0.019,-0.011,-0.908
1053,0.011,-0.011,-0.915
1054,0.019,-0.023,-0.912
1055,0.023,-0.011,-0.912
1056,0.023,-0.019,-0.908
1057,0.023,-0.011,-0.908
1058,0.023,-0.015,-0.908
1059,0.015,-0.004,-0.901
1060,0.019,-0.015,-0.908
1061,0.019,-0.015,-0.908
1062,0.019,-0.008,-0.912
1063,0.019,-0.019,-0.905
1064,0.019,-0.015,-0.908
1065,0.019,-0.019,-0.915
1066,0.019,-0.019,-0.912
1067,0.023,-0.026,-0.908
1068,0.019,-0.026,-0.908
1069,0.015,-0.015,-0.912
1070,0.023,-0.026,-0.912
1071,0.015,-0.026,-0.905
1072,0.019,-0.026,-0.919
1073,0.019,-0.019,-0.901
1074,0.026,-0.023,-0.912
1075,0.026,-0.026,-0.915
1076,0.019,-0.03,-0.908
1077,0.023,-0.034,-0.912
1078,0.015,-0.034,-0.919
1079,0.023,-0.034,-0.912
1080,0.019,-0.026,-0.912
1081,0.015,-0.026,-0.912
1082,0.03,-0.03,-0.908
1083,0.03,-0.026,-0.919
1084,0.023,-0.03,-0.922
1085,0.019,-0.03,-0.915
1086,0.019,-0.038,-0.901
1087,0.026,-0.03,-0.926
1088,0.023,-0.03,-0.901
1089,0.019,-0.026,-0.905
1090,0.019,-0.026,-0.908
1091,0.023,-0.019,-0.919
1092,0.023,-0.03,-0.912
1093,0.026,-0.034,-0.912
1094,0.03,-0.023,-0.908
1095,0.023,-0.034,-0.915
1096,0.019,-0.019,-0.915
1097,0.023,-0.034,-0.912
1098,0.026,-0.019,-0.908
1099,0.023,-0.026,-0.901
1100,0.026,-0.026,-0.915
1101,0.034,-0.03,-0.919
1102,0.026,-0.03,-0.919
1103,0.026,-0.026,-0.912
1104,0.019,-0.041,-0.919
1105,0.023,-0.041,-0.908
1106,0.026,-0.034,-0.912
1107,0.023,-0.038,-0.908
1108,0.023,-0.026,-0.901
1109,0.023,-0.034,-0.908
1110,0.03,-0.045,-0.912
1111,0.026,-0.034,-0.912
1112,0.023,-0.03,-0.908
1113,0.019,-0.038,-0.912
1114,0.019,-0.034,-0.905
1115,0.019,-0.034,-0.912
1116,0.03,-0.034,-0.912
1117,0.03,-0.038,-0.915
1118,0.015,-0.041,-0.908
1119,0.019,-0.045,-0.905
1120,0.015,-0.034,-0.905
1121,0.023,-0.03,-0.908
1122,0.019,-0.03,-0.919
1123,0.023,-0.041,-0.905
1124,0.023,-0.038,-0.912
1125,0.026,-0.038,-0.912
1126,0.03,-0.049,-0.905
1127,0.015,-0.041,-0.912
1128,0.015,-0.03,-0.901
1129,0.023,-0.019,-0.912
1130,0.026,-0.038,-0.919
1131,0.023,-0.023,-0.905
1132,0.023,-0.038,-0.912
1133,0.026,-0.03,-0.901
1134,0.019,-0.03,-0.908
1135,0.023,-0.034,-0.905
1136,0.03,-0.023,-0.908
1137,0.026,-0.034,-0.905
1138,0.026,-0.03,-0.915
1139,0.023,-0.034,-0.905
1140,0.026,-0.034,-0.915
1141,0.026,-0.034,-0.908
1142,0.019,-0.038,-0.912
1143,0.019,-0.03,-0.905
1144,0.023,-0.041,-0.908
1145,0.015,-0.041,-0.915
1146,0.026,-0.038,-0.915
1147,0.026,-0.03,-0.905
1148,0.026,-0.045,-0.905
1149,0.023,-0.038,-0.905
1150,0.026,-0.03,-0.912
1151,0.023,-0.038,-0.912
1152,0.023,-0.045,-0.915
1153,0.019,-0.041,-0.905
1154,0.026,-0.041,-0.919
1155,0.026,-0.038,-0.905
1156,0.034,-0.03,-0.905
1157,0.034,-0.034,-0.929
1158,0.03,-0.038,-0.908
1159,0.026,-0.03,-0.901
1160,0.03,-0.03,-0.905
1161,0.026,-0.034,-0.905
1162,0.034,-0.041,-0.912
1163,0.023,-0.026,-0.919
1164,0.019,-0.026,-0.915
1165,0.026,-0.03,-0.915
1166,0.03,-0.023,-0.912
1167,0.026,-0.023,-0.908
1168,0.03,-0.026,-0.905
1169,0.026,-0.023,-0.908
1170,0.026,-0.019,-0.915
1171,0.038,-0.023,-0.915
1172,0.03,-0.015,-0.908
1173,0.023,-0.011,-0.901
1174,0.026,0.0,-0.908
1175,0.026,-0.015,-0.915
1176,0.034,-0.011,-0.915
1177,0.026,-0.004,-0.912
1178,0.026,-0.004,-0.905
1179,0.034,-0.008,-0.912
1180,0.034,0.0,-0.905
1181,0.023,0.0,-0.908
1182,0.03,-0.008,-0.908
1183,0.034,-0.004,-0.912
1184,0.034,0.011,-0.898
1185,0.034,0.004,-0.905
1186,0.034,0.004,-0.912
1187,0.034,0.004,-0.912
1188,0.026,0.008,-0.898
1189,0.026,0.011,-0.919
1190,0.038,0.011,-0.901
1191,0.034,0.008,-0.915
1192,0.03,0.0,-0.894
1193,0.038,0.023,-0.901
1194,0.034,0.015,-0.905
1195,0.038,0.015,-0.919
1196,0.041,0.011,-0.929
1197,0.034,0.008,-0.898
1198,0.026,0.023,-0.894
1199,0.026,0.03,-0.901
1200,0.034,0.045,-0.901
1201,0.034,0.026,-0.912
1202,0.034,0.023,-0.898
1203,0.038,0.026,-0.905
1204,0.041,0.03,-0.912
1205,0.038,0.03,-0.905
1206,0.03,0.03,-0.908
1207,0.03,0.034,-0.901
1208,0.03,0.034,-0.905
1209,0.026,0.038,-0.901
1210,0.038,0.038,-0.901
1211,0.045,0.049,-0.919
1212,0.049,0.034,-0.915
1213,0.038,0.03,-0.898
1214,0.026,0.041,-0.915
1215,0.034,0.038,-0.901
1216,0.034,0.038,-0.901
1217,0.034,0.03,-0.908
1218,0.045,0.041,-0.901
1219,0.038,0.041,-0.908
1220,0.041,0.045,-0.912
1221,0.038,0.045,-0.905
1222,0.03,0.041,-0.905
1223,0.045,0.041,-0.912
1224,0.034,0.038,-0.898
1225,0.041,0.053,-0.894
1226,0.038,0.049,-0.912
1227,0.053,0.038,-0.901
1228,0.038,0.049,-0.891
1229,0.038,0.049,-0.915
1230,0.041,0.045,-0.898
1231,0.034,0.034,-0.901
1232,0.03,0.049,-0.894
1233,0.03,0.053,-0.901
1234,0.03,0.056,-0.912
1235,0.038,0.045,-0.901
1236,0.041,0.038,-0.912
1237,0.038,0.049,-0.905
1238,0.034,0.045,-0.894
1239,0.038,0.038,-0.908
1240,0.034,0.049,-0.901
1241,0.03,0.045,-0.901
1242,0.034,0.041,-0.908
1243,0.03,0.034,-0.901
1244,0.034,0.045,-0.905
1245,0.034,0.045,-0.901
1246,0.038,0.041,-0.908
1247,0.034,0.034,-0.905
1248,0.038,0.034,-0.901
1249,0.03,0.034,-0.908
1250,0.03,0.038,-0.898
1251,0.023,0.034,-0.912
1252,0.026,0.026,-0.901
1253,0.034,0.03,-0.905
1254,0.034,0.019,-0.905
1255,0.03,0.019,-0.915
1256,0.03,0.015,-0.905
1257,0.026,0.011,-0.908
1258,0.026,0.019,-0.908
1259,0.023,0.011,-0.922
1260,0.03,0.004,-0.905
1261,0.026,0.011,-0.894
1262,0.026,0.015,-0.908
1263,0.03,0.011,-0.922
1264,0.03,0.004,-0.905
1265,0.023,0.0,-0.908
1266,0.015,0.008,-0.908
1267,0.015,0.004,-0.908
1268,0.019,0.008,-0.912
1269,0.023,0.004,-0.908
1270,0.026,-0.004,-0.912
1271,0.019,-0.004,-0.908
1272,0.019,-0.004,-0.905
1273,0.011,0.0,-0.912
1274,0.019,0.008,-0.905
1275,0.015,0.004,-0.905
1276,0.019,0.0,-0.905
1277,0.023,-0.011,-0.919
1278,0.03,-0.008,-0.915
1279,0.03,-0.008,-0.912
1280,0.026,-0.004,-0.905
1281,0.019,-0.004,-0.915
1282,0.023,-0.008,-0.901
1283,0.019,-0.011,-0.908
1284,0.015,-0.008,-0.908
1285,0.019,-0.015,-0.908
1286,0.026,-0.015,-0.912
1287,0.03,-0.015,-0.908
1288,0.03,-0.019,-0.912
1289,0.019,-0.015,-0.905
1290,0.026,-0.019,-0.908
1291,0.023,-0.026,-0.908
1292,0.023,-0.03,-0.915
1293,0.019,-0.03,-0.908
1294,0.015,-0.023,-0.905
1295,0.026,-0.026,-0.919
1296,0.026,-0.03,-0.898
1297,0.019,-0.03,-0.915
1298,0.026,-0.026,-0.919
1299,0.026,-0.03,-0.915
1300,0.03,-0.026,-0.905
1301,0.023,-0.026,-0.905
1302,0.034,-0.019,-0.908
1303,0.019,-0.023,-0.912
1304,0.03,-0.019,-0.915
1305,0.026,-0.023,-0.912
1306,0.023,-0.023,-0.908
1307,0.026,-0.034,-0.908
1308,0.023,-0.015,-0.908
1309,0.026,-0.03,-0.912
1310,0.026,-0.023,-0.905
1311,0.026,-0.034,-0.905
1312,0.03,-0.011,-0.905
1313,0.034,-0.015,-0.915
1314,0.03,-0.026,-0.919
1315,0.026,-0.026,-0.915
1316,0.026,-0.03,-0.908
1317,0.023,-0.026,-0.901
1318,0.023,-0.026,-0.915
1319,0.019,-0.034,-0.905
1320,0.019,-0.023,-0.912
1321,0.026,-0.038,-0.908
1322,0.026,-0.034,-0.905
1323,0.03,-0.041,-0.912
1324,0.03,-0.038,-0.905
1325,0.03,-0.034,-0.912
1326,0.019,-0.03,-0.912
1327,0.019,-0.034,-0.912
1328,0.026,-0.034,-0.915
1329,0.03,-0.03,-0.891
1330,0.026,-0.034,-0.922
1331,0.015,-0.041,-0.905
1332,0.026,-0.034,-0.908
1333,0.026,-0.041,-0.912
1334,0.023,-0.03,-0.915
1335,0.026,-0.038,-0.908
1336,0.03,-0.026,-0.919
1337,0.026,-0.038,-0.905
1338,0.023,-0.03,-0.912
1339,0.026,-0.026,-0.912
1340,0.026,-0.026,-0.915
1341,0.026,-0.03,-0.919
1342,0.023,-0.03,-0.908
1343,0.03,-0.034,-0.915
1344,0.026,-0.034,-0.908
1345,0.026,-0.034,-0.912
1346,0.026,-0.034,-0.912
1347,0.026,-0.034,-0.908
1348,0.023,-0.034,-0.901
1349,0.026,-0.038,-0.915
1350,0.03,-0.026,-0.919
1351,0.034,-0.034,-0.919
1352,0.026,-0.038,-0.908
1353,0.03,-0.041,-0.908
1354,0.023,-0.034,-0.908
1355,0.023,-0.038,-0.905
1356,0.023,-0.041,-0.905
1357,0.03,-0.026,-0.905
1358,0.034,-0.041,-0.915
1359,0.034,-0.041,-0.908
1360,0.03,-0.038,-0.908
1361,0.03,-0.034,-0.908
1362,0.038,-0.041,-0.915
1363,0.026,-0.026,-0.915
1364,0.03,-0.034,-0.912
1365,0.03,-0.041,-0.912
1366,0.034,-0.045,-0.919
1367,0.041,-0.041,-0.915
1368,0.026,-0.034,-0.905
1369,0.03,-0.041,-0.898
1370,0.034,-0.038,-0.908
1371,0.023,-0.038,-0.912
1372,0.03,-0.041,-0.905
1373,0.03,-0.041,-0.919
1374,0.03,-0.045,-0.905
1375,0.026,-0.038,-0.915
1376,0.023,-0.03,-0.912
1377,0.015,-0.026,-0.898
1378,0.023,-0.026,-0.912
1379,0.03,-0.03,-0.905
1380,0.023,-0.023,-0.912
1381,0.026,-0.026,-0.922
1382,0.026,-0.026,-0.912
1383,0.026,-0.034,-0.912
1384,0.026,-0.019,-0.905
1385,0.026,-0.023,-0.905
1386,0.019,-0.023,-0.908
1387,0.026,-0.03,-0.912
1388,0.03,-0.019,-0.915
1389,0.034,-0.023,-0.908
1390,0.03,-0.019,-0.905
1391,0.034,-0.019,-0.901
1392,0.034,-0.011,-0.905
1393,0.019,-0.015,-0.912
1394,0.015,-0.019,-0.908
1395,0.03,-0.011,-0.919
1396,0.03,-0.008,-0.898
1397,0.023,-0.019,-0.908
1398,0.03,-0.011,-0.905
1399,0.026,-0.008,-0.901
1400,0.023,-0.008,-0.908
1401,0.034,-0.004,-0.908
1402,0.023,-0.004,-0.912
1403,0.026,0.0,-0.919
1404,0.03,-0.008,-0.898
1405,0.034,0.0,-0.887
1406,0.034,0.008,-0.915
1407,0.019,0.011,-0.908
1408,0.038,0.0,-0.926
1409,0.03,-0.004,-0.905
1410,0.019,0.011,-0.884
1411,0.019,0.015,-0.898
1412,0.026,0.015,-0.915
1413,0.034,0.011,-0.908
1414,0.034,0.011,-0.905
1415,0.034,0.011,-0.905
1416,0.026,0.011,-0.908
1417,0.041,0.011,-0.912
1418,0.03,0.019,-0.912
1419,0.026,0.019,-0.912
1420,0.026,0.019,-0.905
1421,0.03,0.015,-0.905
1422,0.026,0.026,-0.898
1423,0.038,0.026,-0.908
1424,0.026,0.023,-0.901
1425,0.034,0.023,-0.901
1426,0.03,0.026,-0.908
1427,0.026,0.034,-0.901
1428,0.034,0.023,-0.912
1429,0.041,0.023,-0.908
1430,0.034,0.03,-0.894
1431,0.03,0.038,-0.912
1432,0.045,0.026,-0.905
1433,0.034,0.034,-0.908
1434,0.034,0.045,-0.905
1435,0.03,0.038,-0.894
1436,0.041,0.034,-0.894
1437,0.03,0.034,-0.901
1438,0.041,0.041,-0.891
1439,0.045,0.053,-0.922
1440,0.026,0.041,-0.901
1441,0.045,0.026,-0.908
1442,0.026,0.026,-0.908
1443,0.026,0.045,-0.898
1444,0.034,0.053,-0.898
1445,0.03,0.056,-0.905
1446,0.038,0.038,-0.901
1447,0.026,0.049,-0.901
1448,0.026,0.045,-0.894
1449,0.034,0.03,-0.919
1450,0.038,0.041,-0.905
1451,0.034,0.045,-0.898
1452,0.038,0.049,-0.905
1453,0.038,0.038,-0.901
1454,0.034,0.041,-0.905
1455,0.038,0.038,-0.919
1456,0.041,0.034,-0.901
1457,0.034,0.045,-0.901
1458,0.03,0.041,-0.898
1459,0.045,0.034,-0.908
1460,0.041,0.038,-0.905
1461,0.03,0.026,-0.898
1462,0.038,0.03,-0.898
1463,0.034,0.03,-0.905
1464,0.034,0.03,-0.908
1465,0.038,0.03,-0.898
1466,0.03,0.026,-0.905
1467,0.026,0.026,-0.912
1468,0.026,0.03,-0.915
1469,0.03,0.026,-0.901
1470,0.023,0.026,-0.898
1471,0.041,0.026,-0.898
1472,0.026,0.026,-0.912
1473,0.026,0.019,-0.905
1474,0.034,0.011,-0.915
1475,0.023,0.011,-0.905
1476,0.019,0.015,-0.898
1477,0.023,0.015,-0.922
1478,0.023,0.019,-0.898
1479,0.026,0.019,-0.905
1480,0.03,0.015,-0.912
1481,0.023,0.004,-0.915
1482,0.023,0.004,-0.905
1483,0.023,0.008,-0.908
1484,0.019,0.011,-0.915
1485,0.026,0.008,-0.915
1486,0.015,0.0,-0.908
1487,0.019,0.004,-0.912
1488,0.015,0.0,-0.915
1489,0.026,0.004,-0.908
1490,0.026,0.004,-0.908
1491,0.015,0.0,-0.905
1492,0.023,0.0,-0.901
1493,0.019,0.0,-0.908
1494,0.023,0.004,-0.915
1495,0.019,0.0,-0.915
1496,0.023,-0.004,-0.912
1497,0.023,-0.004,-0.905
1498,0.019,-0.015,-0.912
1499,0.023,-0.011,-0.905
1500,0.023,-0.008,-0.912
1501,0.023,-0.011,-0.908
1502,0.03,-0.019,-0.908
1503,0.03,0.004,-0.887
1504,0.015,-0.011,-0.908
1505,0.023,-0.015,-0.908
1506,0.019,-0.008,-0.915
1507,0.026,-0.015,-0.905
1508,0.026,-0.011,-0.908
1509,0.023,-0.019,-0.898
1510,0.023,-0.008,-0.908
1511,0.026,-0.019,-0.898
1512,0.023,-0.011,-0.908
1513,0.023,-0.015,-0.912
1514,0.015,-0.015,-0.908
1515,0.023,-0.015,-0.908
1516,0.038,-0.015,-0.919
1517,0.03,-0.023,-0.898
1518,0.019,-0.015,-0.905
1519,0.015,-0.011,-0.912
1520,0.026,-0.011,-0.912
1521,0.019,-0.015,-0.905
1522,0.03,-0.023,-0.912
1523,0.026,-0.019,-0.912
1524,0.03,-0.015,-0.905
1525,0.034,-0.026,-0.915
1526,0.03,-0.023,-0.912
1527,0.026,-0.023,-0.912
1528,0.026,-0.03,-0.908
1529,0.019,-0.038,-0.912
1530,0.023,-0.026,-0.908
1531,0.023,-0.026,-0.912
1532,0.03,-0.026,-0.915
1533,0.026,-0.026,-0.905
1534,0.03,-0.026,-0.915
1535,0.026,-0.03,-0.915
1536,0.026,-0.026,-0.915
1537,0.023,-0.034,-0.915
1538,0.026,-0.034,-0.912
1539,0.026,-0.03,-0.919
1540,0.023,-0.034,-0.919
1541,0.023,-0.034,-0.912
1542,0.03,-0.034,-0.915
1543,0.015,-0.023,-0.912
1544,0.026,-0.03,-0.912
1545,0.03,-0.038,-0.891
1546,0.026,-0.034,-0.912
1547,0.026,-0.038,-0.905
1548,0.03,-0.038,-0.912
1549,0.023,-0.038,-0.901
1550,0.026,-0.026,-0.912
1551,0.015,-0.026,-0.908
1552,0.026,-0.023,-0.908
1553,0.023,-0.038,-0.912
1554,0.026,-0.034,-0.912
1555,0.026,-0.034,-0.905
1556,0.023,-0.03,-0.912
1557,0.034,-0.034,-0.908
1558,0.03,-0.034,-0.915
1559,0.026,-0.03,-0.908
1560,0.023,-0.03,-0.901
1561,0.023,-0.026,-0.912
1562,0.026,-0.026,-0.915
1563,0.03,-0.03,-0.915
1564,0.023,-0.038,-0.915
1565,0.026,-0.03,-0.905
1566,0.019,-0.03,-0.919
1567,0.026,-0.03,-0.908
1568,0.026,-0.038,-0.912
1569,0.026,-0.026,-0.908
1570,0.026,-0.034,-0.912
1571,0.03,-0.038,-0.908
1572,0.038,-0.03,-0.894
1573,0.026,-0.038,-0.912
1574,0.03,-0.023,-0.908
1575,0.026,-0.038,-0.912
1576,0.023,-0.038,-0.912
1577,0.034,-0.034,-0.915
1578,0.026,-0.03,-0.908
1579,0.03,-0.038,-0.908
1580,0.023,-0.034,-0.908
1581,0.041,-0.026,-0.905
1582,0.03,-0.034,-0.905
1583,0.026,-0.03,-0.915
1584,0.03,-0.041,-0.912
1585,0.023,-0.038,-0.908
1586,0.026,-0.041,-0.908
1587,0.026,-0.034,-0.919
1588,0.03,-0.049,-0.901
1589,0.019,-0.034,-0.912
1590,0.023,-0.026,-0.908
1591,0.026,-0.034,-0.912
1592,0.026,-0.023,-0.912
1593,0.026,-0.023,-0.919
1594,0.03,-0.034,-0.901
1595,0.03,-0.03,-0.915
1596,0.026,-0.03,-0.908
1597,0.023,-0.015,-0.908
1598,0.023,-0.023,-0.919
1599,0.03,-0.023,-0.908
1600,0.03,-0.034,-0.905
1601,0.026,-0.03,-0.908
1602,0.034,-0.03,-0.912
1603,0.03,-0.041,-0.912
1604,0.026,-0.038,-0.908
1605,0.026,-0.034,-0.912
1606,0.03,-0.03,-0.905
1607,0.026,-0.034,-0.908
1608,0.023,-0.038,-0.908
1609,0.026,-0.038,-0.912
1610,0.038,-0.019,-0.905
1611,0.03,-0.026,-0.901
1612,0.026,-0.026,-0.905
1613,0.03,-0.023,-0.905
1614,0.034,-0.03,-0.901
1615,0.03,-0.03,-0.912
1616,0.026,-0.019,-0.919
1617,0.034,-0.015,-0.908
1618,0.034,-0.03,-0.922
1619,0.026,-0.023,-0.898
1620,0.026,-0.023,-0.908
1621,0.03,-0.011,-0.912
1622,0.026,-0.019,-0.908
1623,0.034,-0.023,-0.894
1624,0.026,-0.004,-0.905
1625,0.03,-0.008,-0.901
1626,0.034,-0.015,-0.915
1627,0.034,-0.019,-0.912
1628,0.023,-0.008,-0.898
1629,0.023,-0.004,-0.912
1630,0.03,-0.004,-0.912
1631,0.023,-0.004,-0.912
1632,0.03,-0.008,-0.901
1633,0.034,0.004,-0.898
1634,0.026,0.0,-0.915
1635,0.03,-0.004,-0.905
1636,0.03,0.004,-0.912
1637,0.023,0.011,-0.905
1638,0.034,0.0,-0.905
1639,0.023,0.0,-0.915
1640,0.026,0.0,-0.922
1641,0.038,0.004,-0.915
1642,0.034,0.0,-0.894
1643,0.034,0.0,-0.898
1644,0.034,0.004,-0.905
1645,0.034,0.011,-0.908
1646,0.03,0.004,-0.901
1647,0.023,0.004,-0.905
1648,0.034,0.008,-0.901
1649,0.034,0.008,-0.908
1650,0.026,0.015,-0.908
1651,0.034,0.015,-0.905
1652,0.034,0.011,-0.898
1653,0.03,0.011,-0.905
1654,0.038,0.008,-0.912
1655,0.03,0.019,-0.905
1656,0.026,0.015,-0.915
1657,0.026,0.011,-0.905
1658,0.034,0.011,-0.908
1659,0.034,0.015,-0.891
1660,0.03,0.034,-0.901
1661,0.03,0.023,-0.919
1662,0.034,0.015,-0.908
1663,0.041,0.019,-0.919
1664,0.026,0.011,-0.901
1665,0.026,0.023,-0.901
1666,0.03,0.03,-0.905
1667,0.038,0.038,-0.898
1668,0.034,0.041,-0.905
1669,0.034,0.03,-0.912
1670,0.034,0.026,-0.908
1671,0.03,0.026,-0.894
1672,0.03,0.03,-0.912
1673,0.03,0.038,-0.905
1674,0.041,0.03,-0.908
1675,0.038,0.023,-0.901
1676,0.034,0.038,-0.908
1677,0.034,0.034,-0.919
1678,0.03,0.026,-0.912
1679,0.03,0.034,-0.894
1680,0.03,0.041,-0.894
1681,0.041,0.041,-0.912
1682,0.038,0.045,-0.912
1683,0.034,0.038,-0.908
1684,0.041,0.045,-0.908
1685,0.038,0.049,-0.898
1686,0.03,0.041,-0.908
1687,0.041,0.056,-0.908
1688,0.045,0.049,-0.905
1689,0.038,0.053,-0.894
1690,0.038,0.049,-0.901
1691,0.03,0.038,-0.891
1692,0.03,0.049,-0.912
1693,0.034,0.045,-0.905
1694,0.041,0.045,-0.894
1695,0.034,0.06,-0.915
1696,0.034,0.053,-0.898
1697,0.045,0.049,-0.908
1698,0.034,0.034,-0.898
1699,0.038,0.064,-0.905
1700,0.03,0.064,-0.908
1701,0.034,0.049,-0.912
1702,0.034,0.049,-0.894
1703,0.038,0.056,-0.901
1704,0.041,0.045,-0.908
1705,0.034,0.049,-0.901
1706,0.026,0.053,-0.905
1707,0.034,0.053,-0.905
1708,0.034,0.041,-0.912
1709,0.038,0.053,-0.905
1710,0.034,0.053,-0.901
1711,0.038,0.064,-0.915
1712,0.034,0.049,-0.908
1713,0.034,0.041,-0.901
1714,0.038,0.083,-0.887
1715,0.034,0.053,-0.901
1716,0.038,0.045,-0.901
1717,0.03,0.056,-0.908
1718,0.038,0.053,-0.898
1719,0.034,0.045,-0.898
1720,0.034,0.053,-0.908
1721,0.038,0.049,-0.905
1722,0.034,0.045,-0.898
1723,0.034,0.049,-0.898
1724,0.041,0.041,-0.905
1725,0.034,0.045,-0.901
1726,0.041,0.045,-0.915
1727,0.038,0.038,-0.894
1728,0.03,0.049,-0.891
1729,0.034,0.034,-0.915
1730,0.03,0.034,-0.908
1731,0.03,0.026,-0.901
1732,0.023,0.023,-0.898
1733,0.023,0.038,-0.905
1734,0.026,0.038,-0.905
1735,0.034,0.026,-0.912
1736,0.026,0.026,-0.898
1737,0.026,0.034,-0.901
1738,0.03,0.026,-0.912
1739,0.03,0.023,-0.912
1740,0.023,0.015,-0.901
1741,0.023,0.019,-0.912
1742,0.026,0.026,-0.926
1743,0.023,0.011,-0.901
1744,0.019,0.019,-0.915
1745,0.023,0.019,-0.915
1746,0.026,0.011,-0.901
1747,0.023,0.004,-0.905
1748,0.019,0.011,-0.901
1749,0.023,0.008,-0.901
1750,0.019,0.004,-0.905
1751,0.019,0.0,-0.905
1752,0.026,0.0,-0.908
1753,0.023,0.0,-0.915
1754,0.023,0.0,-0.905
1755,0.019,0.008,-0.905
1756,0.019,-0.008,-0.908
1757,0.026,0.008,-0.894
1758,0.019,-0.008,-0.912
1759,0.019,-0.008,-0.912
1760,0.026,-0.011,-0.919
1761,0.023,-0.011,-0.905
1762,0.019,-0.008,-0.912
1763,0.019,-0.011,-0.894
1764,0.023,-0.011,-0.905
1765,0.023,-0.008,-0.908
1766,0.019,-0.015,-0.908
1767,0.026,-0.008,-0.919
1768,0.023,-0.019,-0.905
1769,0.015,-0.011,-0.901
1770,0.015,-0.015,-0.912
1771,0.019,-0.019,-0.908
1772,0.034,-0.004,-0.912
1773,0.023,-0.019,-0.922
1774,0.023,-0.023,-0.894
1775,0.026,-0.011,-0.908
1776,0.026,-0.019,-0.908
1777,0.023,-0.026,-0.908
1778,0.019,-0.023,-0.915
1779,0.023,-0.023,-0.905
1780,0.026,-0.026,-0.908
1781,0.03,-0.03,-0.908
1782,0.011,-0.034,-0.901
1783,0.026,-0.026,-0.915
1784,0.023,-0.026,-0.905
1785,0.023,-0.026,-0.908
1786,0.023,-0.023,-0.905
1787,0.015,-0.034,-0.912
1788,0.023,-0.026,-0.908
1789,0.026,-0.03,-0.908
1790,0.026,-0.034,-0.905
1791,0.026,-0.023,-0.912
1792,0.026,-0.03,-0.908
1793,0.023,-0.03,-0.908
1794,0.03,-0.038,-0.912
1795,0.026,-0.034,-0.915
1796,0.019,-0.038,-0.908
1797,0.023,-0.03,-0.915
1798,0.019,-0.03,-0.901
1799,0.019,-0.03,-0.908
1800,0.026,-0.03,-0.912
1801,0.019,-0.03,-0.905
1802,0.026,-0.038,-0.908
1803,0.026,-0.038,-0.908
1804,0.023,-0.03,-0.905
1805,0.03,-0.026,-0.898
1806,0.03,-0.034,-0.912
1807,0.015,-0.023,-0.905
1808,0.015,-0.03,-0.915
1809,0.026,-0.026,-0.919
1810,0.023,-0.03,-0.915
1811,0.023,-0.023,-0.905
1812,0.034,-0.045,-0.915
1813,0.03,-0.03,-0.912
1814,0.03,-0.019,-0.912
1815,0.023,-0.026,-0.912
1816,0.019,-0.026,-0.908
1817,0.026,-0.03,-0.898
1818,0.023,-0.019,-0.912
1819,0.034,-0.026,-0.912
1820,0.026,-0.03,-0.919
1821,0.034,-0.034,-0.908
1822,0.015,-0.034,-0.915
1823,0.026,-0.034,-0.912
1824,0.011,-0.03,-0.908
1825,0.026,-0.03,-0.905
1826,0.03,-0.038,-0.915
1827,0.03,-0.038,-0.908
1828,0.026,-0.034,-0.912
1829,0.03,-0.03,-0.905
1830,0.026,-0.034,-0.912
1831,0.03,-0.038,-0.908
1832,0.026,-0.03,-0.908
1833,0.019,-0.038,-0.905
1834,0.026,-0.03,-0.915
1835,0.03,-0.038,-0.915
1836,0.019,-0.03,-0.908
1837,0.03,-0.03,-0.912
1838,0.026,-0.041,-0.912
1839,0.019,-0.03,-0.912
1840,0.011,-0.026,-0.901
1841,0.023,-0.053,-0.901
1842,0.026,-0.034,-0.915
1843,0.026,-0.049,-0.905
1844,0.019,-0.034,-0.908
1845,0.019,-0.03,-0.912
1846,0.023,-0.03,-0.915
1847,0.023,-0.03,-0.915
1848,0.026,-0.034,-0.912
1849,0.038,-0.03,-0.919
1850,0.026,-0.034,-0.908
1851,0.023,-0.041,-0.912
1852,0.023,-0.041,-0.915
1853,0.026,-0.038,-0.912
1854,0.023,-0.041,-0.905
1855,0.019,-0.041,-0.915
1856,0.026,-0.034,-0.915
1857,0.026,-0.034,-0.919
1858,0.019,-0.038,-0.908
1859,0.03,-0.041,-0.912
1860,0.026,-0.034,-0.912
1861,0.023,-0.038,-0.915
1862,0.026,-0.038,-0.901
1863,0.019,-0.041,-0.908
1864,0.026,-0.03,-0.912
1865,0.03,-0.034,-0.912
1866,0.03,-0.026,-0.908
1867,0.023,-0.026,-0.905
1868,0.03,-0.034,-0.915
1869,0.023,-0.034,-0.905
1870,0.023,-0.034,-0.912
1871,0.019,-0.026,-0.912
1872,0.034,-0.026,-0.919
1873,0.03,-0.034,-0.898
1874,0.038,-0.015,-0.908
1875,0.023,-0.023,-0.898
1876,0.026,-0.03,-0.912
1877,0.026,-0.03,-0.912
1878,0.019,-0.026,-0.908
1879,0.023,-0.008,-0.912
1880,0.019,-0.015,-0.912
1881,0.026,-0.015,-0.901
1882,0.03,-0.015,-0.901
1883,0.03,-0.015,-0.905
1884,0.026,-0.011,-0.901
1885,0.023,-0.011,-0.901
1886,0.026,-0.015,-0.908
1887,0.019,-0.015,-0.905
1888,0.023,-0.011,-0.905
1889,0.023,-0.008,-0.905
1890,0.023,0.0,-0.894
1891,0.026,0.008,-0.933
1892,0.026,-0.004,-0.908
1893,0.041,-0.004,-0.908
1894,0.034,0.004,-0.905
1895,0.03,0.0,-0.905
1896,0.03,-0.011,-0.908
1897,0.034,0.0,-0.905
1898,0.03,0.004,-0.912
1899,0.03,0.0,-0.912
1900,0.026,0.0,-0.915
1901,0.019,0.0,-0.905
1902,0.038,0.008,-0.908
1903,0.026,0.004,-0.915
1904,0.034,0.008,-0.919
1905,0.026,0.004,-0.919
1906,0.03,0.004,-0.898
1907,0.03,0.004,-0.901
1908,0.034,0.015,-0.901
1909,0.034,0.004,-0.905
1910,0.034,0.008,-0.915
1911,0.026,-0.004,-0.905
1912,0.023,0.008,-0.898
1913,0.023,0.019,-0.887
1914,0.023,0.03,-0.912
1915,0.03,0.015,-0.915
1916,0.034,0.011,-0.908
1917,0.034,0.015,-0.905
1918,0.034,0.015,-0.898
1919,0.026,0.023,-0.894
1920,0.026,0.015,-0.915
1921,0.026,0.023,-0.912
1922,0.023,0.03,-0.898
1923,0.03,0.019,-0.901
1924,0.03,0.03,-0.905
1925,0.034,0.026,-0.908
1926,0.03,0.026,-0.908
1927,0.038,0.034,-0.898
1928,0.03,0.026,-0.905
1929,0.03,0.026,-0.908
1930,0.026,0.026,-0.898
1931,0.034,0.034,-0.908
1932,0.034,0.038,-0.908
1933,0.041,0.026,-0.905
1934,0.034,0.034,-0.901
1935,0.045,0.038,-0.915
1936,0.041,0.03,-0.905
1937,0.03,0.03,-0.908
1938,0.03,0.026,-0.915
1939,0.034,0.026,-0.898
1940,0.041,0.045,-0.891
1941,0.034,0.045,-0.908
1942,0.038,0.026,-0.908
1943,0.034,0.023,-0.891
1944,0.026,0.038,-0.898
1945,0.03,0.041,-0.898
1946,0.034,0.045,-0.901
1947,0.038,0.038,-0.905
1948,0.038,0.026,-0.905
1949,0.034,0.03,-0.912
1950,0.03,0.03,-0.898
1951,0.03,0.041,-0.901
1952,0.023,0.041,-0.915
1953,0.03,0.026,-0.905
1954,0.026,0.026,-0.898
1955,0.03,0.026,-0.901
1956,0.03,0.026,-0.898
1957,0.023,0.023,-0.912
1958,0.026,0.019,-0.908
1959,0.026,0.019,-0.901
1960,0.026,0.019,-0.905
1961,0.015,0.015,-0.898
1962,0.023,0.004,-0.905
1963,0.026,0.011,-0.912
1964,0.026,0.011,-0.908
1965,0.038,0.015,-0.901
1966,0.03,0.004,-0.901
1967,0.026,0.0,-0.912
1968,0.019,-0.004,-0.915
1969,0.023,0.004,-0.898
1970,0.019,-0.008,-0.908
1971,0.03,-0.004,-0.905
1972,0.026,0.0,-0.912
1973,0.03,0.0,-0.919
1974,0.03,0.0,-0.926
1975,0.019,-0.015,-0.908
1976,0.015,-0.004,-0.905
1977,0.015,0.0,-0.908
1978,0.019,-0.011,-0.912
1979,0.03,0.0,-0.919
1980,0.03,-0.008,-0.908
1981,0.026,-0.011,-0.908
1982,0.026,-0.015,-0.905
1983,0.015,-0.008,-0.901
1984,0.026,-0.011,-0.905
1985,0.019,-0.008,-0.912
1986,0.019,-0.015,-0.905
1987,0.023,-0.019,-0.901
1988,0.023,-0.008,-0.915
1989,0.026,-0.015,-0.915
1990,0.026,-0.011,-0.908
1991,0.023,-0.023,-0.898
1992,0.023,-0.015,-0.898
1993,0.03,-0.023,-0.905
1994,0.015,-0.026,-0.912
1995,0.023,-0.026,-0.908
1996,0.019,-0.026,-0.901
1997,0.023,-0.023,-0.912
1998,0.026,-0.023,-0.919
1999,0.026,-0.026,-0.908
2000,0.026,-0.023,-0.908
2001,0.034,-0.019,-0.915
2002,0.019,-0.026,-0.912
2003,0.019,-0.023,-0.915
2004,0.026,-0.026,-0.905
2005,0.023,-0.019,-0.912
2006,0.03,-0.03,-0.905
2007,0.026,-0.03,-0.908
2008,0.03,-0.041,-0.922
2009,0.03,-0.034,-0.908
2010,0.011,-0.023,-0.905
2011,0.015,-0.019,-0.908
2012,0.015,-0.015,-0.912
2013,0.023,-0.03,-0.915
2014,0.03,-0.03,-0.901
2015,0.026,-0.026,-0.912
2016,0.034,-0.026,-0.905
2017,0.026,-0.026,-0.912
2018,0.015,-0.03,-0.908
2019,0.023,-0.03,-0.912
2020,0.023,-0.026,-0.912
2021,0.026,-0.023,-0.912
2022,0.038,-0.038,-0.908
2023,0.03,-0.019,-0.908
2024,0.026,-0.023,-0.905
2025,0.03,-0.034,-0.908
2026,0.023,-0.03,-0.912
2027,0.023,-0.034,-0.908
2028,0.023,-0.034,-0.908
2029,0.011,-0.034,-0.915
2030,0.03,-0.03,-0.908
2031,0.023,-0.034,-0.908
2032,0.026,-0.03,-0.912
2033,0.026,-0.03,-0.908
2034,0.023,-0.034,-0.905
2035,0.015,-0.034,-0.908
2036,0.023,-0.034,-0.908
2037,0.03,-0.038,-0.912
2038,0.034,-0.023,-0.905
2039,0.026,-0.03,-0.915
2040,0.026,-0.026,-0.922
2041,0.019,-0.03,-0.898
2042,0.026,-0.03,-0.905
2043,0.03,-0.038,-0.898
2044,0.023,-0.038,-0.908
2045,0.019,-0.034,-0.908
2046,0.023,-0.03,-0.908
2047,0.026,-0.03,-0.915
2048,0.023,-0.03,-0.901
2049,0.026,-0.034,-0.919
2050,0.03,-0.034,-0.908
2051,0.03,-0.026,-0.905
2052,0.023,-0.034,-0.908
2053,0.023,-0.034,-0.912
2054,0.019,-0.038,-0.905
2055,0.023,-0.03,-0.912
2056,0.034,-0.038,-0.912
2057,0.034,-0.023,-0.919
2058,0.03,-0.03,-0.912
2059,0.019,-0.034,-0.908
2060,0.019,-0.03,-0.922
2061,0.041,-0.03,-0.905
2062,0.03,-0.041,-0.915
2063,0.023,-0.034,-0.905
2064,0.034,-0.038,-0.905
2065,0.034,-0.041,-0.908
2066,0.026,-0.038,-0.898
2067,0.026,-0.038,-0.912
2068,0.023,-0.03,-0.908
2069,0.026,-0.034,-0.901
2070,0.019,-0.034,-0.912
2071,0.03,-0.038,-0.908
2072,0.026,-0.03,-0.912
2073,0.023,-0.034,-0.912
2074,0.023,-0.041,-0.912
2075,0.023,-0.03,-0.915
2076,0.026,-0.041,-0.908
2077,0.015,-0.026,-0.901
2078,0.023,-0.03,-0.905
2079,0.023,-0.026,-0.905
2080,0.03,-0.026,-0.908
2081,0.026,-0.03,-0.908
2082,0.023,-0.026,-0.912
2083,0.026,-0.038,-0.908
2084,0.023,-0.026,-0.912
2085,0.026,-0.034,-0.912
2086,0.019,-0.034,-0.908
2087,0.015,-0.034,-0.898
2088,0.026,-0.026,-0.915
2089,0.03,-0.03,-0.915
2090,0.03,-0.034,-0.908
2091,0.03,-0.034,-0.905
2092,0.03,-0.041,-0.915
2093,0.03,-0.038,-0.915
2094,0.026,-0.034,-0.919
2095,0.034,-0.03,-0.912
2096,0.034,-0.038,-0.912
2097,0.026,-0.03,-0.919
2098,0.034,-0.034,-0.915
2099,0.034,-0.041,-0.922
2100,0.026,-0.019,-0.908
2101,0.03,-0.026,-0.905
2102,0.03,-0.019,-0.905
2103,0.026,-0.011,-0.908
2104,0.026,-0.023,-0.915
2105,0.026,-0.019,-0.908
2106,0.023,-0.011,-0.908
2107,0.019,-0.004,-0.894
2108,0.026,0.0,-0.894
2109,0.041,0.0,-0.912
2110,0.03,0.0,-0.912
2111,0.034,0.0,-0.908
2112,0.034,0.004,-0.905
2113,0.03,0.004,-0.915
2114,0.023,0.004,-0.912
2115,0.026,0.004,-0.901
2116,0.03,0.004,-0.901
2117,0.034,0.008,-0.908
2118,0.03,0.008,-0.915
2119,0.026,0.008,-0.905
2120,0.03,0.011,-0.901
2121,0.03,0.019,-0.905
2122,0.034,0.008,-0.901
2123,0.026,0.019,-0.901
2124,0.03,0.015,-0.905
2125,0.034,0.023,-0.915
2126,0.03,0.015,-0.901
2127,0.026,0.019,-0.908
2128,0.041,0.019,-0.901
2129,0.034,0.019,-0.898
2130,0.03,0.026,-0.912
2131,0.03,0.034,-0.905
2132,0.041,0.026,-0.915
2133,0.041,0.004,-0.926
2134,0.026,0.019,-0.898
2135,0.026,0.03,-0.894
2136,0.026,0.041,-0.901
2137,0.038,0.038,-0.901
2138,0.034,0.034,-0.912
2139,0.034,0.03,-0.912
2140,0.034,0.03,-0.905
2141,0.038,0.038,-0.901
2142,0.026,0.03,-0.901
2143,0.03,0.041,-0.915
2144,0.03,0.038,-0.898
2145,0.026,0.03,-0.905
2146,0.034,0.041,-0.908
2147,0.034,0.034,-0.905
2148,0.034,0.034,-0.898
2149,0.038,0.034,-0.908
2150,0.034,0.041,-0.912
2151,0.03,0.045,-0.905
2152,0.038,0.034,-0.898
2153,0.034,0.049,-0.908
2154,0.034,0.056,-0.908
2155,0.034,0.038,-0.912
2156,0.038,0.041,-0.905
2157,0.03,0.045,-0.891
2158,0.034,0.049,-0.887
2159,0.038,0.049,-0.919
2160,0.034,0.041,-0.898
2161,0.038,0.045,-0.929
2162,0.034,0.026,-0.894
2163,0.023,0.053,-0.887
2164,0.023,0.053,-0.901
2165,0.03,0.041,-0.894
2166,0.03,0.034,-0.898
2167,0.038,0.034,-0.901
2168,0.038,0.034,-0.908
2169,0.034,0.023,-0.912
2170,0.03,0.023,-0.901
2171,0.03,0.03,-0.912
2172,0.03,0.023,-0.905
2173,0.023,0.023,-0.898
2174,0.034,0.023,-0.905
2175,0.034,0.023,-0.908
2176,0.026,0.011,-0.898
2177,0.026,0.015,-0.894
2178,0.03,0.015,-0.905
2179,0.023,0.015,-0.905
2180,0.019,0.0,-0.912
2181,0.019,0.015,-0.908
2182,0.026,0.008,-0.915
2183,0.023,0.0,-0.908
2184,0.03,0.004,-0.912
2185,0.015,0.0,-0.908
2186,0.023,0.004,-0.891
2187,0.023,0.0,-0.905
2188,0.023,-0.004,-0.912
2189,0.023,-0.008,-0.912
2190,0.023,-0.008,-0.908
2191,0.019,-0.004,-0.915
2192,0.019,-0.008,-0.908
2193,0.015,-0.004,-0.912
2194,0.019,0.0,-0.891
2195,0.023,0.0,-0.908
2196,0.023,-0.004,-0.905
2197,0.026,-0.015,-0.905
2198,0.015,-0.008,-0.912
2199,0.019,-0.004,-0.905
2200,0.023,-0.015,-0.915
2201,0.015,-0.008,-0.908
2202,0.019,-0.011,-0.908
2203,0.03,-0.011,-0.908
2204,0.026,-0.015,-0.894
2205,0.015,-0.023,-0.912
2206,0.023,-0.011,-0.915
2207,0.023,-0.015,-0.905
2208,0.026,-0.026,-0.908
2209,0.019,-0.019,-0.901
2210,0.023,-0.019,-0.919
2211,0.019,-0.03,-0.915
2212,0.023,-0.019,-0.919
2213,0.023,-0.023,-0.915
2214,0.03,-0.019,-0.898
2215,0.03,-0.019,-0.915
2216,0.019,-0.026,-0.898
2217,0.03,-0.019,-0.915
2218,0.026,-0.03,-0.908
2219,0.023,-0.026,-0.901
2220,0.026,-0.034,-0.908
2221,0.026,-0.023,-0.908
2222,0.03,-0.023,-0.919
2223,0.019,-0.03,-0.901
2224,0.023,-0.03,-0.912
2225,0.023,-0.023,-0.908
2226,0.03,-0.03,-0.901
2227,0.023,-0.03,-0.905
2228,0.026,-0.03,-0.919
2229,0.023,-0.03,-0.912
2230,0.019,-0.026,-0.912
2231,0.019,-0.026,-0.905
2232,0.019,-0.026,-0.912
2233,0.03,-0.023,-0.894
2234,0.034,-0.026,-0.915
2235,0.034,-0.03,-0.908
2236,0.026,-0.03,-0.908
2237,0.023,-0.034,-0.908
2238,0.023,-0.038,-0.901
2239,0.026,-0.03,-0.912
2240,0.026,-0.034,-0.912
2241,0.026,-0.034,-0.912
2242,0.03,-0.034,-0.912
2243,0.026,-0.034,-0.908
2244,0.019,-0.034,-0.912
2245,0.026,-0.038,-0.908
2246,0.023,-0.03,-0.905
2247,0.026,-0.034,-0.905
2248,0.034,-0.034,-0.919
2249,0.03,-0.034,-0.912
2250,0.03,-0.034,-0.898
2251,0.026,-0.034,-0.912
2252,0.03,-0.053,-0.915
2253,0.023,-0.03,-0.908
2254,0.023,-0.026,-0.908
2255,0.019,-0.041,-0.915
2256,0.026,-0.038,-0.908
2257,0.026,-0.034,-0.905
2258,0.023,-0.034,-0.912
2259,0.03,-0.03,-0.898
2260,0.026,-0.03,-0.919
2261,0.026,-0.034,-0.901
2262,0.023,-0.034,-0.901
2263,0.026,-0.026,-0.919
2264,0.026,-0.034,-0.912
2265,0.034,-0.041,-0.915
2266,0.026,-0.034,-0.922
2267,0.026,-0.038,-0.915
2268,0.026,-0.034,-0.908
2269,0.019,-0.038,-0.898
2270,0.019,-0.038,-0.905
2271,0.026,-0.038,-0.908
2272,0.038,-0.038,-0.915
2273,0.03,-0.038,-0.908
2274,0.03,-0.034,-0.908
2275,0.034,-0.038,-0.915
2276,0.026,-0.041,-0.919
2277,0.019,-0.045,-0.912
2278,0.015,-0.03,-0.919
2279,0.026,-0.034,-0.905
2280,0.026,-0.034,-0.901
2281,0.026,-0.038,-0.912
2282,0.034,-0.034,-0.915
2283,0.015,-0.015,-0.905
2284,0.026,-0.023,-0.908
2285,0.038,-0.034,-0.912
2286,0.026,-0.026,-0.912
2287,0.026,-0.019,-0.905
2288,0.023,-0.019,-0.905
2289,0.026,-0.015,-0.912
2290,0.034,-0.019,-0.912
2291,0.03,-0.019,-0.908
2292,0.03,-0.015,-0.905
2293,0.03,-0.023,-0.912
2294,0.019,-0.015,-0.898
2295,0.03,-0.015,-0.905
2296,0.023,-0.008,-0.898
2297,0.023,-0.011,-0.908
2298,0.041,-0.004,-0.912
2299,0.026,-0.019,-0.919
2300,0.03,-0.011,-0.908
2301,0.023,-0.015,-0.908
2302,0.03,-0.008,-0.908
2303,0.026,-0.008,-0.908
2304,0.026,0.0,-0.908
2305,0.03,-0.008,-0.908
2306,0.026,-0.008,-0.908
2307,0.03,-0.011,-0.905
2308,0.026,-0.004,-0.912
2309,0.03,-0.004,-0.905
2310,0.038,-0.004,-0.915
2311,0.026,0.0,-0.908
2312,0.026,0.0,-0.884
2313,0.023,0.0,-0.912
2314,0.023,0.0,-0.905
2315,0.03,0.0,-0.922
2316,0.034,-0.008,-0.915
2317,0.023,0.0,-0.901
2318,0.023,0.011,-0.894
2319,0.023,0.008,-0.915
2320,0.03,0.004,-0.908
2321,0.026,0.008,-0.905
2322,0.034,0.008,-0.905
2323,0.034,0.011,-0.912
2324,0.026,0.011,-0.905
2325,0.03,0.015,-0.912
2326,0.026,0.015,-0.905
2327,0.026,0.011,-0.908
2328,0.03,0.004,-0.905
2329,0.034,0.015,-0.915
2330,0.019,0.015,-0.908
2331,0.03,0.011,-0.901
2332,0.03,0.015,-0.908
2333,0.03,0.008,-0.912
2334,0.03,0.008,-0.908
2335,0.03,0.008,-0.898
2336,0.041,0.023,-0.912
2337,0.034,0.023,-0.908
2338,0.034,0.023,-0.905
2339,0.034,0.015,-0.908
2340,0.023,0.008,-0.901
2341,0.034,0.015,-0.912
2342,0.026,0.015,-0.915
2343,0.038,0.015,-0.898
2344,0.038,0.023,-0.894
2345,0.03,0.023,-0.915
2346,0.03,0.019,-0.898
2347,0.034,0.015,-0.912
2348,0.026,0.015,-0.898
2349,0.038,0.041,-0.891
2350,0.034,0.034,-0.905
2351,0.034,0.019,-0.908
2352,0.034,0.019,-0.908
2353,0.041,0.026,-0.908
2354,0.041,0.019,-0.908
2355,0.03,0.023,-0.887
2356,0.03,0.019,-0.908
2357,0.026,0.015,-0.905
2358,0.023,0.023,-0.901
2359,0.026,0.011,-0.905
2360,0.026,0.015,-0.912
2361,0.026,0.008,-0.912
2362,0.023,0.004,-0.912
2363,0.023,0.0,-0.905
2364,0.026,0.0,-0.912
2365,0.023,0.0,-0.915
2366,0.011,-0.004,-0.905
2367,0.026,0.004,-0.887
2368,0.019,0.008,-0.908
2369,0.026,0.0,-0.908
2370,0.023,0.004,-0.898
2371,0.023,-0.008,-0.905
2372,0.03,-0.011,-0.919
2373,0.015,-0.011,-0.908
2374,0.023,-0.015,-0.912
2375,0.023,-0.011,-0.901
2376,0.026,-0.004,-0.901
2377,0.023,0.0,-0.919
2378,0.03,-0.008,-0.919
2379,0.026,-0.015,-0.908
2380,0.026,-0.019,-0.908
2381,0.015,-0.015,-0.908
2382,0.023,-0.008,-0.915
2383,0.015,-0.019,-0.919
2384,0.019,-0.019,-0.915
2385,0.026,-0.019,-0.908
2386,0.026,-0.015,-0.908
2387,0.026,-0.023,-0.908
2388,0.023,-0.015,-0.908
2389,0.023,-0.023,-0.908
2390,0.023,-0.015,-0.919
2391,0.023,-0.019,-0.912
2392,0.023,-0.023,-0.919
2393,0.023,-0.015,-0.908
2394,0.026,-0.015,-0.915
2395,0.03,-0.03,-0.915
2396,0.026,-0.019,-0.908
2397,0.019,-0.03,-0.912
2398,0.03,-0.015,-0.915
2399,0.026,-0.026,-0.901
2400,0.026,-0.026,-0.912
2401,0.03,-0.03,-0.908
2402,0.023,-0.03,-0.912
2403,0.026,-0.03,-0.901
2404,0.026,-0.03,-0.905
2405,0.03,-0.026,-0.912
2406,0.026,-0.034,-0.901
2407,0.015,-0.045,-0.919
2408,0.023,-0.034,-0.901
2409,0.019,-0.034,-0.912
2410,0.023,-0.023,-0.908
2411,0.03,-0.034,-0.905
2412,0.026,-0.019,-0.908
2413,0.026,-0.034,-0.908
2414,0.023,-0.038,-0.905
2415,0.023,-0.03,-0.919
2416,0.03,-0.034,-0.908
2417,0.026,-0.03,-0.922
2418,0.026,-0.026,-0.908
2419,0.023,-0.026,-0.905
2420,0.019,-0.026,-0.912
2421,0.023,-0.026,-0.912
2422,0.026,-0.03,-0.905
2423,0.03,-0.023,-0.912
2424,0.019,-0.023,-0.912
2425,0.023,-0.03,-0.908
2426,0.023,-0.03,-0.912
2427,0.026,-0.03,-0.905
2428,0.026,-0.03,-0.915
2429,0.023,-0.023,-0.908
2430,0.03,-0.034,-0.912
2431,0.026,-0.03,-0.908
2432,0.019,-0.045,-0.912
2433,0.023,-0.026,-0.898
2434,0.026,-0.038,-0.912
2435,0.019,-0.038,-0.901
2436,0.026,-0.034,-0.905
2437,0.026,-0.034,-0.905
2438,0.03,-0.03,-0.919
2439,0.026,-0.034,-0.908
2440,0.03,-0.038,-0.905
2441,0.026,-0.03,-0.901
2442,0.023,-0.034,-0.905
2443,0.026,-0.034,-0.912
2444,0.023,-0.038,-0.912
2445,0.034,-0.034,-0.912
2446,0.03,-0.03,-0.919
2447,0.026,-0.03,-0.908
2448,0.023,-0.03,-0.919
2449,0.019,-0.041,-0.901
2450,0.03,-0.038,-0.912
2451,0.026,-0.038,-0.898
2452,0.019,-0.011,-0.919
2453,0.019,-0.034,-0.908
2454,0.023,-0.026,-0.912
2455,0.03,-0.03,-0.915
2456,0.023,-0.026,-0.908
2457,0.03,-0.023,-0.908
2458,0.026,-0.034,-0.905
2459,0.023,-0.026,-0.912
2460,0.026,-0.034,-0.908
2461,0.023,-0.03,-0.908
2462,0.026,-0.03,-0.901
2463,0.026,-0.03,-0.905
2464,0.03,-0.03,-0.922
2465,0.026,-0.038,-0.912
2466,0.03,-0.034,-0.912
2467,0.034,-0.038,-0.905
2468,0.023,-0.03,-0.908
2469,0.026,-0.038,-0.912
2470,0.023,-0.034,-0.912
2471,0.026,-0.038,-0.915
2472,0.026,-0.034,-0.908
2473,0.03,-0.038,-0.912
2474,0.03,-0.038,-0.901
2475,0.045,-0.041,-0.905
2476,0.026,-0.038,-0.912
2477,0.026,-0.034,-0.908
2478,0.026,-0.034,-0.908
2479,0.026,-0.038,-0.922
2480,0.023,-0.038,-0.915
2481,0.03,-0.038,-0.908
2482,0.026,-0.034,-0.915
2483,0.03,-0.041,-0.905
2484,0.034,-0.03,-0.915
2485,0.026,-0.034,-0.908
2486,0.026,-0.034,-0.912
2487,0.026,-0.034,-0.908
2488,0.023,-0.015,-0.905
2489,0.015,-0.019,-0.901
2490,0.023,-0.015,-0.908
2491,0.026,-0.026,-0.919
2492,0.026,-0.023,-0.912
2493,0.03,-0.03,-0.912
2494,0.026,-0.015,-0.905
2495,0.026,-0.015,-0.908
2496,0.019,-0.019,-0.908
2497,0.03,-0.004,-0.908
2498,0.023,-0.019,-0.901
2499,0.026,-0.011,-0.908
2500,0.026,-0.026,-0.915
2501,0.026,-0.019,-0.912
2502,0.026,-0.019,-0.919
2503,0.019,-0.011,-0.908
2504,0.026,-0.008,-0.901
2505,0.026,-0.008,-0.905
2506,0.026,-0.019,-0.905
2507,0.03,-0.004,-0.915
2508,0.03,-0.011,-0.912
2509,0.03,-0.015,-0.908
2510,0.038,-0.011,-0.905
2511,0.03,-0.015,-0.905
2512,0.03,-0.011,-0.915
2513,0.026,-0.008,-0.922
2514,0.023,-0.015,-0.905
2515,0.026,-0.015,-0.898
2516,0.03,-0.019,-0.919
2517,0.03,-0.023,-0.905
2518,0.026,0.004,-0.898
2519,0.026,0.0,-0.912
2520,0.03,-0.008,-0.919
2521,0.03,-0.019,-0.922
2522,0.015,-0.008,-0.908
2523,0.019,0.0,-0.901
2524,0.026,-0.004,-0.912
2525,0.026,0.0,-0.908
2526,0.03,-0.004,-0.898
2527,0.026,-0.008,-0.898
2528,0.041,0.008,-0.912
2529,0.034,0.011,-0.898
2530,0.034,-0.008,-0.912
2531,0.026,0.004,-0.912
2532,0.03,0.0,-0.905
2533,0.026,0.0,-0.908
2534,0.026,0.008,-0.915
2535,0.026,0.004,-0.915
2536,0.03,-0.004,-0.901
2537,0.03,0.0,-0.898
2538,0.03,0.0,-0.908
2539,0.023,0.0,-0.912
2540,0.019,0.008,-0.905
2541,0.03,0.0,-0.908
2542,0.026,0.0,-0.912
2543,0.03,0.0,-0.905
2544,0.03,0.004,-0.908
2545,0.03,0.0,-0.898
2546,0.03,-0.004,-0.912
2547,0.03,0.0,-0.901
2548,0.026,0.008,-0.898
2549,0.034,0.0,-0.905
2550,0.026,0.004,-0.908
2551,0.023,-0.004,-0.908
2552,0.034,-0.004,-0.891
2553,0.03,-0.008,-0.912
2554,0.023,-0.008,-0.908
2555,0.026,-0.015,-0.929
2556,0.03,-0.015,-0.922
2557,0.019,-0.019,-0.908
2558,0.023,-0.004,-0.908
2559,0.026,-0.011,-0.905
2560,0.019,-0.015,-0.908
2561,0.03,-0.008,-0.908
2562,0.026,-0.015,-0.898
2563,0.019,-0.015,-0.905
2564,0.019,-0.023,-0.915
2565,0.023,-0.026,-0.912
2566,0.026,-0.015,-0.919
2567,0.019,-0.015,-0.905
2568,0.023,-0.023,-0.905
2569,0.019,-0.015,-0.908
2570,0.023,-0.011,-0.908
2571,0.026,-0.023,-0.912
2572,0.015,-0.023,-0.905
2573,0.034,-0.015,-0.898
2574,0.015,-0.015,-0.908
2575,0.023,-0.03,-0.901
2576,0.03,-0.026,-0.905
2577,0.023,-0.023,-0.908
2578,0.023,-0.026,-0.905
2579,0.03,-0.026,-0.919
2580,0.026,-0.026,-0.912
2581,0.019,-0.026,-0.908
2582,0.026,-0.038,-0.919
2583,0.034,-0.026,-0.915
2584,0.023,-0.034,-0.912
2585,0.026,-0.034,-0.905
2586,0.023,-0.034,-0.912
2587,0.019,-0.03,-0.894
2588,0.023,-0.03,-0.915
2589,0.019,-0.038,-0.912
2590,0.023,-0.038,-0.912
2591,0.03,-0.045,-0.901
2592,0.023,-0.03,-0.908
2593,0.019,-0.034,-0.912
2594,0.023,-0.026,-0.908
2595,0.023,-0.03,-0.912
2596,0.03,-0.034,-0.908
2597,0.023,-0.03,-0.908
2598,0.03,-0.034,-0.912
2599,0.026,-0.038,-0.915
2600,0.026,-0.034,-0.922
2601,0.026,-0.026,-0.912
2602,0.026,-0.034,-0.905
2603,0.026,-0.03,-0.915
2604,0.034,-0.038,-0.908
2605,0.034,-0.045,-0.908
2606,0.041,-0.045,-0.905
2607,0.038,-0.038,-0.908
2608,0.023,-0.023,-0.926
2609,0.026,-0.041,-0.919
2610,0.03,-0.045,-0.943
2611,0.026,-0.038,-0.901
2612,0.038,-0.034,-0.915
2613,0.034,-0.038,-0.908
2614,0.049,-0.038,-0.908
2615,0.041,-0.03,-0.905
2616,0.03,-0.038,-0.901
2617,0.038,-0.038,-0.908
2618,0.041,-0.034,-0.912
2619,0.026,-0.034,-0.912
2620,0.034,-0.03,-0.908
2621,0.038,-0.038,-0.915
2622,0.038,-0.03,-0.912
2623,0.038,-0.034,-0.908
2624,0.038,-0.034,-0.912
2625,0.038,-0.045,-0.887
2626,0.034,-0.038,-0.908
2627,0.03,-0.023,-0.912
2628,0.026,-0.026,-0.912
2629,0.034,-0.026,-0.908
2630,0.041,-0.019,-0.901
2631,0.038,-0.03,-0.898
2632,0.03,-0.03,-0.912
2633,0.038,-0.026,-0.915
2634,0.03,-0.026,-0.915
2635,0.038,-0.026,-0.901
2636,0.038,-0.038,-0.908
2637,0.034,-0.026,-0.908
2638,0.034,-0.03,-0.905
2639,0.034,-0.03,-0.908
2640,0.038,-0.03,-0.915
2641,0.034,-0.034,-0.912
2642,0.03,-0.038,-0.898
2643,0.026,-0.03,-0.915
2644,0.03,-0.034,-0.908
2645,0.034,-0.038,-0.908
2646,0.038,-0.049,-0.898
2647,0.034,-0.034,-0.915
2648,0.038,-0.034,-0.905
2649,0.038,-0.038,-0.908
2650,0.038,-0.038,-0.912
2651,0.03,-0.034,-0.905
2652,0.041,-0.026,-0.912
2653,0.041,-0.038,-0.915
2654,0.038,-0.034,-0.912
2655,0.026,-0.026,-0.908
2656,0.038,-0.041,-0.901
2657,0.034,-0.026,-0.905
2658,0.034,-0.034,-0.908
2659,0.038,-0.038,-0.919
2660,0.034,-0.038,-0.905
2661,0.045,-0.023,-0.922
2662,0.026,-0.019,-0.898
2663,0.026,-0.023,-0.908
2664,0.034,-0.019,-0.912
2665,0.03,-0.019,-0.915
2666,0.038,-0.019,-0.912
2667,0.038,-0.011,-0.901
2668,0.026,-0.015,-0.912
2669,0.03,-0.019,-0.912
2670,0.023,-0.008,-0.912
2671,0.03,-0.011,-0.898
2672,0.03,-0.008,-0.908
2673,0.034,-0.011,-0.915
2674,0.03,0.004,-0.908
2675,0.03,-0.008,-0.908
2676,0.026,-0.008,-0.905
2677,0.03,0.0,-0.908
2678,0.03,-0.011,-0.912
2679,0.034,-0.011,-0.912
2680,0.03,-0.008,-0.908
2681,0.038,-0.004,-0.912
2682,0.038,0.0,-0.912
2683,0.034,0.0,-0.905
2684,0.026,0.004,-0.905
2685,0.026,0.0,-0.905
2686,0.026,0.004,-0.905
2687,0.03,0.004,-0.905
2688,0.034,0.0,-0.915
2689,0.034,0.0,-0.898
2690,0.03,0.008,-0.891
2691,0.026,0.019,-0.919
2692,0.03,0.0,-0.919
2693,0.041,0.0,-0.919
2694,0.023,0.004,-0.901
2695,0.026,0.015,-0.898
2696,0.019,0.019,-0.908
2697,0.026,0.011,-0.912
2698,0.03,0.015,-0.905
2699,0.019,0.011,-0.912
2700,0.026,0.023,-0.891
2701,0.03,0.015,-0.908
2702,0.03,0.015,-0.901
2703,0.026,0.015,-0.901
2704,0.023,0.026,-0.905
2705,0.019,0.023,-0.901
2706,0.026,0.026,-0.908
2707,0.03,0.026,-0.915
2708,0.023,0.03,-0.901
2709,0.019,0.026,-0.894
2710,0.026,0.034,-0.905
2711,0.023,0.03,-0.901
2712,0.026,0.038,-0.901
2713,0.023,0.026,-0.901
2714,0.03,0.03,-0.901
2715,0.026,0.03,-0.901
2716,0.026,0.026,-0.912
2717,0.026,0.026,-0.905
2718,0.023,0.026,-0.908
2719,0.019,0.034,-0.894
2720,0.026,0.023,-0.912
2721,0.03,0.019,-0.908
2722,0.034,0.03,-0.898
2723,0.026,0.041,-0.922
2724,0.038,0.019,-0.898
2725,0.038,0.034,-0.915
2726,0.019,0.019,-0.908
2727,0.019,0.026,-0.901
2728,0.019,0.038,-0.894
2729,0.023,0.03,-0.905
2730,0.03,0.015,-0.915
2731,0.026,0.004,-0.912
2732,0.026,0.011,-0.905
2733,0.026,0.026,-0.905
2734,0.026,0.015,-0.908
2735,0.023,0.008,-0.919
2736,0.034,0.008,-0.919
2737,0.023,0.004,-0.905
2738,0.023,0.015,-0.891
2739,0.026,0.023,-0.908
2740,0.03,0.008,-0.908
2741,0.026,0.011,-0.905
2742,0.023,0.004,-0.901
2743,0.023,0.004,-0.908
2744,0.023,0.0,-0.912
2745,0.023,-0.004,-0.908
2746,0.03,0.0,-0.908
2747,0.03,0.0,-0.908
2748,0.03,0.0,-0.908
2749,0.026,-0.004,-0.898
2750,0.019,-0.004,-0.908
2751,0.023,0.0,-0.908
2752,0.019,-0.004,-0.908
2753,0.023,0.0,-0.908
2754,0.034,-0.004,-0.915
2755,0.03,-0.011,-0.905
2756,0.03,-0.008,-0.912
2757,0.03,-0.011,-0.901
2758,0.026,-0.011,-0.912
2759,0.038,-0.019,-0.908
2760,0.03,-0.008,-0.912
2761,0.015,-0.011,-0.908
2762,0.023,-0.015,-0.908
2763,0.023,-0.011,-0.905
2764,0.034,-0.011,-0.908
2765,0.034,-0.019,-0.912
2766,0.026,-0.019,-0.912
2767,0.026,-0.015,-0.908
2768,0.03,-0.019,-0.912
2769,0.03,-0.019,-0.912
2770,0.023,-0.023,-0.901
2771,0.034,-0.011,-0.915
2772,0.03,-0.023,-0.908
2773,0.034,-0.019,-0.912
2774,0.03,-0.019,-0.908
2775,0.038,-0.023,-0.908
2776,0.03,-0.015,-0.912
2777,0.026,-0.026,-0.908
2778,0.03,-0.03,-0.908
2779,0.034,-0.03,-0.908
2780,0.03,-0.015,-0.915
2781,0.034,-0.019,-0.912
2782,0.034,-0.034,-0.908
2783,0.03,-0.03,-0.908
2784,0.034,-0.023,-0.908
2785,0.03,-0.034,-0.905
2786,0.03,-0.034,-0.908
2787,0.034,-0.034,-0.919
2788,0.034,-0.034,-0.908
2789,0.026,-0.03,-0.919
2790,0.03,-0.034,-0.912
2791,0.038,-0.041,-0.901
2792,0.045,-0.034,-0.919
2793,0.034,-0.034,-0.905
2794,0.026,-0.03,-0.919
2795,0.038,-0.03,-0.908
2796,0.038,-0.023,-0.908
2797,0.026,-0.034,-0.912
2798,0.034,-0.026,-0.915
2799,0.03,-0.038,-0.908
2800,0.038,-0.03,-0.912
2801,0.038,-0.026,-0.908
2802,0.034,-0.034,-0.912
2803,0.038,-0.03,-0.915
2804,0.038,-0.038,-0.915
2805,0.03,-0.034,-0.905
2806,0.038,-0.03,-0.912
2807,0.038,-0.03,-0.915
2808,0.03,-0.03,-0.905
2809,0.038,-0.034,-0.919
2810,0.034,-0.03,-0.912
2811,0.038,-0.041,-0.912
2812,0.03,-0.038,-0.912
2813,0.026,-0.041,-0.915
2814,0.034,-0.03,-0.898
2815,0.026,-0.038,-0.905
2816,0.026,-0.034,-0.912
2817,0.038,-0.038,-0.905
2818,0.049,-0.03,-0.912
2819,0.034,-0.038,-0.915
2820,0.03,-0.034,-0.908
2821,0.038,-0.038,-0.915
2822,0.03,-0.041,-0.915
2823,0.038,-0.038,-0.919
2824,0.034,-0.038,-0.915
2825,0.03,-0.045,-0.905
2826,0.026,-0.041,-0.908
2827,0.034,-0.045,-0.922
2828,0.034,-0.041,-0.901
2829,0.026,-0.03,-0.901
2830,0.038,-0.034,-0.887
2831,0.026,-0.038,-0.915
2832,0.034,-0.038,-0.905
2833,0.026,-0.034,-0.912
2834,0.026,-0.023,-0.912
2835,0.023,-0.026,-0.905
2836,0.03,-0.026,-0.915
2837,0.034,-0.034,-0.905
2838,0.03,-0.03,-0.908
2839,0.026,-0.019,-0.915
2840,0.03,-0.026,-0.915
2841,0.026,-0.023,-0.908
2842,0.026,-0.023,-0.898
2843,0.034,-0.019,-0.919
2844,0.038,-0.011,-0.929
2845,0.03,-0.026,-0.915
2846,0.026,-0.019,-0.915
2847,0.026,-0.015,-0.908
2848,0.03,-0.019,-0.901
2849,0.03,-0.026,-0.905
2850,0.03,-0.023,-0.905
2851,0.03,-0.023,-0.905
2852,0.034,-0.011,-0.919
2853,0.034,-0.019,-0.908
2854,0.034,-0.023,-0.905
2855,0.034,-0.015,-0.901
2856,0.03,-0.015,-0.905
2857,0.026,-0.015,-0.905
2858,0.03,-0.008,-0.912
2859,0.034,-0.011,-0.905
2860,0.03,-0.004,-0.912
2861,0.034,-0.004,-0.915
2862,0.03,-0.015,-0.905
2863,0.041,-0.008,-0.88
2864,0.026,0.011,-0.922
2865,0.034,-0.008,-0.915
2866,0.038,-0.011,-0.915
2867,0.026,-0.008,-0.901
2868,0.023,-0.004,-0.898
2869,0.026,0.011,-0.905
2870,0.03,0.004,-0.908
2871,0.034,0.004,-0.908
2872,0.026,0.008,-0.898
2873,0.03,0.011,-0.912
2874,0.038,0.008,-0.908
2875,0.026,0.011,-0.908
2876,0.03,0.015,-0.905
2877,0.034,0.015,-0.926
2878,0.026,0.008,-0.908
2879,0.034,0.015,-0.898
2880,0.034,0.026,-0.919
2881,0.03,0.03,-0.901
2882,0.026,0.019,-0.901
2883,0.03,0.019,-0.905
2884,0.026,0.023,-0.905
2885,0.023,0.019,-0.905
2886,0.026,0.019,-0.901
2887,0.026,0.023,-0.905
2888,0.034,0.041,-0.905
2889,0.038,0.026,-0.908
2890,0.034,0.023,-0.908
2891,0.026,0.026,-0.898
2892,0.026,0.026,-0.915
2893,0.026,0.034,-0.905
2894,0.026,0.034,-0.905
2895,0.023,0.03,-0.905
2896,0.03,0.026,-0.898
2897,0.03,0.041,-0.887
2898,0.026,0.038,-0.901
2899,0.03,0.034,-0.898
2900,0.026,0.038,-0.891
2901,0.023,0.038,-0.908
2902,0.019,0.056,-0.898
2903,0.019,0.053,-0.898
2904,0.023,0.045,-0.905
2905,0.03,0.041,-0.908
2906,0.026,0.038,-0.908
2907,0.034,0.041,-0.908
2908,0.023,0.049,-0.905
2909,0.03,0.045,-0.898
2910,0.023,0.045,-0.908
2911,0.015,0.049,-0.901
2912,0.023,0.041,-0.908
2913,0.026,0.045,-0.908
2914,0.034,0.049,-0.901
2915,0.026,0.041,-0.908
2916,0.03,0.045,-0.901
2917,0.026,0.041,-0.905
2918,0.019,0.045,-0.908
2919,0.026,0.038,-0.908
2920,0.03,0.038,-0.891
2921,0.03,0.049,-0.901
2922,0.026,0.041,-0.891
2923,0.026,0.053,-0.891
2924,0.026,0.049,-0.894
2925,0.034,0.045,-0.912
2926,0.019,0.049,-0.891
2927,0.023,0.034,-0.905
2928,0.026,0.038,-0.891
2929,0.026,0.041,-0.891
2930,0.03,0.034,-0.926
2931,0.03,0.015,-0.912
2932,0.023,0.008,-0.915
2933,0.019,0.0,-0.908
2934,0.015,0.015,-0.901
2935,0.019,0.011,-0.901
2936,0.026,0.019,-0.915
2937,0.026,0.008,-0.912
2938,0.023,0.0,-0.912
2939,0.026,0.008,-0.908
2940,0.019,0.004,-0.905
2941,0.023,0.0,-0.912
2942,0.019,0.0,-0.905
2943,0.019,0.008,-0.908
2944,0.011,-0.004,-0.901
2945,0.019,0.004,-0.915
2946,0.019,0.004,-0.908
2947,0.019,0.004,-0.908
2948,0.019,-0.004,-0.898
2949,0.026,-0.004,-0.908
2950,0.026,-0.004,-0.915
2951,0.041,0.004,-0.915
2952,0.023,-0.011,-0.905
2953,0.034,-0.008,-0.908
2954,0.026,-0.004,-0.912
2955,0.026,-0.011,-0.908
2956,0.026,-0.004,-0.912
2957,0.026,-0.015,-0.912
2958,0.023,-0.015,-0.908
2959,0.023,-0.011,-0.908
2960,0.03,-0.008,-0.908
2961,0.015,-0.023,-0.908
2962,0.023,-0.015,-0.915
2963,0.026,-0.019,-0.908
2964,0.03,-0.015,-0.901
2965,0.023,-0.011,-0.912
2966,0.026,-0.019,-0.905
2967,0.034,-0.023,-0.912
2968,0.03,-0.026,-0.912
2969,0.03,-0.019,-0.915
2970,0.038,-0.019,-0.915
2971,0.026,-0.015,-0.912
2972,0.03,-0.023,-0.915
2973,0.034,-0.026,-0.905
2974,0.038,-0.026,-0.912
2975,0.038,-0.019,-0.912
2976,0.034,-0.03,-0.905
2977,0.03,-0.023,-0.933
2978,0.026,-0.026,-0.912
2979,0.026,-0.026,-0.901
2980,0.03,-0.023,-0.908
2981,0.034,-0.026,-0.912
2982,0.034,-0.023,-0.912
2983,0.038,-0.026,-0.912
2984,0.038,-0.03,-0.919
2985,0.034,-0.026,-0.905
2986,0.034,-0.034,-0.912
2987,0.03,-0.03,-0.901
2988,0.03,-0.023,-0.908
2989,0.038,-0.03,-0.908
2990,0.041,-0.03,-0.919
2991,0.03,-0.038,-0.908
2992,0.034,-0.03,-0.915
2993,0.038,-0.034,-0.905
2994,0.038,-0.034,-0.908
2995,0.034,-0.038,-0.912
2996,0.026,-0.034,-0.905
2997,0.034,-0.023,-0.912
2998,0.026,-0.03,-0.912
2999,0.034,-0.038,-0.908
3000,0.03,-0.03,-0.915
3001,0.034,-0.038,-0.894
3002,0.03,-0.03,-0.912
3003,0.041,-0.038,-0.901
3004,0.026,-0.03,-0.905
